OrderID,OrderDate,CustomerName,Segment,City,State,Region,ShipMode,Category,SubCategory,UnitPrice,Quantity,Discount,GrossSales,Sales,Profit
IND-2025-1001,2025-10-16,Customer_132,Consumer,Pune,Maharashtra,West,Standard Class,Electronics,Headphones,1583.65,2,0.3,3167.3,2217.11,-513.93
IND-2025-1002,2024-08-11,Customer_877,Consumer,Delhi,Delhi NCR,North,Same Day,Electronics,Laptops,65800.98,6,0.2,394805.88,315844.7,-27301.12
IND-2025-1003,2024-12-14,Customer_926,Consumer,Noida,Uttar Pradesh,North,Same Day,Fashion & Apparel,Women's Clothing,3863.08,3,0.0,11589.24,11589.24,3065.44
IND-2025-1004,2025-07-03,Customer_777,Consumer,Pune,Maharashtra,West,First Class,Grocery & Essentials,Packaged Food,596.84,6,0.2,3581.04,2864.83,-444.42
IND-2025-1005,2024-03-22,Customer_818,Small Business,Indore,Madhya Pradesh,Central,Standard Class,Fashion & Apparel,Men's Clothing,1512.3,4,0.3,6049.2,4234.44,-362.48
IND-2025-1006,2025-09-15,Customer_963,Consumer,Kolkata,West Bengal,East,Second Class,Fashion & Apparel,Women's Clothing,1322.89,4,0.1,5291.56,4762.4,1076.3
IND-2025-1007,2024-02-02,Customer_758,Corporate,Bhopal,Madhya Pradesh,Central,Second Class,Home & Kitchen,Appliances,7016.11,2,0.2,14032.22,11225.78,-53.8
IND-2025-1008,2024-09-28,Customer_193,Consumer,Ahmedabad,Gujarat,West,Standard Class,Fashion & Apparel,Footwear,3988.06,4,0.2,15952.24,12761.79,547.46
IND-2025-1009,2024-06-05,Customer_111,Small Business,Kolkata,West Bengal,East,Standard Class,Fashion & Apparel,Ethnic Wear,4659.17,4,0.15,18636.68,15841.18,2221.05
IND-2025-1010,2025-11-29,Customer_612,Consumer,Chennai,Tamil Nadu,South,Standard Class,Home & Kitchen,Home Decor,778.88,4,0.05,3115.52,2959.74,603.38
IND-2025-1011,2025-10-02,Customer_600,Consumer,Noida,Uttar Pradesh,North,Standard Class,Fashion & Apparel,Women's Clothing,1996.52,2,0.2,3993.04,3194.43,473.94
IND-2025-1012,2025-01-06,Customer_884,Consumer,Indore,Madhya Pradesh,Central,Second Class,Home & Kitchen,Furniture,5868.88,5,0.0,29344.4,29344.4,4665.69
IND-2025-1013,2025-11-06,Customer_830,Corporate,Bengaluru,Karnataka,South,Same Day,Fashion & Apparel,Footwear,3110.7,5,0.15,15553.5,13220.48,2767.54
IND-2025-1014,2025-11-18,Customer_702,Consumer,Kolkata,West Bengal,East,Standard Class,Home & Kitchen,Appliances,16494.21,4,0.0,65976.84,65976.84,10076.94
IND-2025-1015,2024-03-13,Customer_652,Consumer,Patna,Bihar,East,Same Day,Electronics,Laptops,33370.02,1,0.4,33370.02,20022.01,-6678.66
IND-2025-1016,2024-09-05,Customer_789,Small Business,Bhopal,Madhya Pradesh,Central,Standard Class,Grocery & Essentials,Personal Care,349.93,1,0.3,349.93,244.95,-56.08
IND-2025-1017,2024-03-03,Customer_177,Corporate,Jaipur,Rajasthan,North,Standard Class,Home & Kitchen,Cookware,1745.97,2,0.2,3491.94,2793.55,-150.26
IND-2025-1018,2024-02-21,Customer_268,Corporate,Kolkata,West Bengal,East,Standard Class,Electronics,Smartphones,47054.68,2,0.05,94109.36,89403.89,8271.03
IND-2025-1019,2025-02-03,Customer_159,Small Business,Noida,Uttar Pradesh,North,Standard Class,Grocery & Essentials,Personal Care,594.16,6,0.4,3564.96,2138.98,-811.17
IND-2025-1020,2024-11-17,Customer_169,Small Business,Mumbai,Maharashtra,West,Second Class,Electronics,Smartwatches,6022.8,5,0.05,30114.0,28608.3,1846.68
IND-2025-1021,2025-02-17,Customer_833,Corporate,Pune,Maharashtra,West,Second Class,Fashion & Apparel,Men's Clothing,2086.52,4,0.3,8346.08,5842.26,-184.51
IND-2025-1022,2024-09-28,Customer_318,Small Business,Jaipur,Rajasthan,North,First Class,Fashion & Apparel,Footwear,2828.9,1,0.0,2828.9,2828.9,1130.9
IND-2025-1023,2024-05-15,Customer_769,Small Business,Lucknow,Uttar Pradesh,North,Standard Class,Electronics,Laptops,48476.35,2,0.15,96952.7,82409.79,552.11
IND-2025-1024,2025-11-14,Customer_719,Consumer,Indore,Madhya Pradesh,Central,First Class,Home & Kitchen,Cookware,3816.79,2,0.1,7633.58,6870.22,700.21
IND-2025-1025,2024-07-27,Customer_233,Small Business,Kolkata,West Bengal,East,First Class,Home & Kitchen,Appliances,6766.82,1,0.0,6766.82,6766.82,1053.81
IND-2025-1026,2024-06-14,Customer_136,Corporate,Patna,Bihar,East,Second Class,Grocery & Essentials,Beverages,446.95,5,0.0,2234.75,2234.75,202.1
IND-2025-1027,2025-03-16,Customer_995,Corporate,Ahmedabad,Gujarat,West,Second Class,Electronics,Headphones,1966.88,1,0.1,1966.88,1770.19,29.75
IND-2025-1028,2024-08-30,Customer_984,Small Business,Indore,Madhya Pradesh,Central,Second Class,Fashion & Apparel,Women's Clothing,3620.53,1,0.05,3620.53,3439.5,824.89
IND-2025-1029,2024-09-30,Customer_992,Consumer,Ahmedabad,Gujarat,West,Second Class,Electronics,Smartwatches,8977.33,4,0.05,35909.32,34113.85,2591.49
IND-2025-1030,2024-01-25,Customer_649,Corporate,Kolkata,West Bengal,East,Standard Class,Fashion & Apparel,Ethnic Wear,3103.92,1,0.4,3103.92,1862.35,-249.14
IND-2025-1031,2024-04-28,Customer_218,Corporate,Noida,Uttar Pradesh,North,Second Class,Fashion & Apparel,Footwear,1153.03,5,0.15,5765.15,4900.38,921.1
IND-2025-1032,2024-09-17,Customer_171,Small Business,Mumbai,Maharashtra,West,First Class,Grocery & Essentials,Packaged Food,567.93,5,0.3,2839.65,1987.75,-505.89
IND-2025-1033,2025-09-30,Customer_780,Corporate,Lucknow,Uttar Pradesh,North,Second Class,Electronics,Headphones,2422.79,6,0.15,14536.74,12356.23,-418.94
IND-2025-1034,2025-09-22,Customer_576,Corporate,Hyderabad,Telangana,South,Same Day,Home & Kitchen,Appliances,11219.06,1,0.1,11219.06,10097.15,1064.22
IND-2025-1035,2025-11-22,Customer_869,Consumer,Delhi,Delhi NCR,North,First Class,Grocery & Essentials,Beverages,168.24,1,0.1,168.24,151.42,2.62
IND-2025-1036,2024-08-18,Customer_689,Consumer,Bhopal,Madhya Pradesh,Central,Same Day,Fashion & Apparel,Women's Clothing,878.16,2,0.15,1756.32,1492.87,276.59
IND-2025-1037,2025-05-21,Customer_923,Small Business,Jaipur,Rajasthan,North,Same Day,Fashion & Apparel,Women's Clothing,2899.39,1,0.4,2899.39,1739.63,-169.06
IND-2025-1038,2024-02-21,Customer_553,Small Business,Chennai,Tamil Nadu,South,Same Day,Fashion & Apparel,Men's Clothing,1695.51,4,0.3,6782.04,4747.43,-124.2
IND-2025-1039,2025-07-15,Customer_381,Corporate,Bengaluru,Karnataka,South,Standard Class,Fashion & Apparel,Ethnic Wear,3810.4,2,0.4,7620.8,4572.48,-526.42
IND-2025-1040,2025-12-31,Customer_165,Corporate,Noida,Uttar Pradesh,North,Same Day,Fashion & Apparel,Footwear,2343.39,5,0.0,11716.95,11716.95,3335.69
IND-2025-1041,2024-12-04,Customer_883,Small Business,Chennai,Tamil Nadu,South,Same Day,Grocery & Essentials,Personal Care,215.38,4,0.15,861.52,732.29,-29.31
IND-2025-1042,2025-05-03,Customer_324,Corporate,Mumbai,Maharashtra,West,Same Day,Home & Kitchen,Home Decor,2383.69,4,0.2,9534.76,7627.81,-88.31
IND-2025-1043,2025-05-12,Customer_127,Corporate,Mumbai,Maharashtra,West,Standard Class,Grocery & Essentials,Personal Care,852.32,4,0.3,3409.28,2386.5,-564.27
IND-2025-1044,2024-03-26,Customer_488,Corporate,Kolkata,West Bengal,East,Same Day,Grocery & Essentials,Packaged Food,880.17,2,0.0,1760.34,1760.34,182.42
IND-2025-1045,2024-09-15,Customer_767,Consumer,Indore,Madhya Pradesh,Central,Standard Class,Electronics,Smartwatches,2155.07,5,0.0,10775.35,10775.35,2154.99
IND-2025-1046,2024-09-10,Customer_477,Consumer,Delhi,Delhi NCR,North,Standard Class,Electronics,Laptops,41927.25,4,0.3,167709.0,117396.3,-27100.8
IND-2025-1047,2024-06-16,Customer_706,Small Business,Noida,Uttar Pradesh,North,Second Class,Electronics,Smartphones,47155.49,5,0.3,235777.45,165044.21,-27621.45
IND-2025-1048,2024-04-14,Customer_763,Corporate,Patna,Bihar,East,Standard Class,Home & Kitchen,Cookware,3388.68,5,0.4,16943.4,10166.04,-2480.54
IND-2025-1049,2025-03-06,Customer_634,Small Business,Indore,Madhya Pradesh,Central,First Class,Grocery & Essentials,Packaged Food,490.17,3,0.3,1470.51,1029.36,-275.53
IND-2025-1050,2025-09-22,Customer_561,Consumer,Bhopal,Madhya Pradesh,Central,Same Day,Grocery & Essentials,Personal Care,607.35,6,0.2,3644.1,2915.28,-448.76
IND-2025-1051,2025-08-06,Customer_710,Small Business,Hyderabad,Telangana,South,First Class,Grocery & Essentials,Personal Care,180.13,3,0.05,540.39,513.37,20.32
IND-2025-1052,2025-07-23,Customer_558,Consumer,Mumbai,Maharashtra,West,Standard Class,Fashion & Apparel,Men's Clothing,1179.25,4,0.15,4717.0,4009.45,425.2
IND-2025-1053,2024-10-28,Customer_663,Corporate,Delhi,Delhi NCR,North,First Class,Grocery & Essentials,Beverages,206.52,6,0.2,1239.12,991.3,-89.45
IND-2025-1054,2025-12-20,Customer_289,Consumer,Bengaluru,Karnataka,South,Second Class,Home & Kitchen,Home Decor,1128.51,1,0.3,1128.51,789.96,-110.86
IND-2025-1055,2025-05-10,Customer_146,Consumer,Noida,Uttar Pradesh,North,First Class,Home & Kitchen,Cookware,3497.89,3,0.05,10493.67,9968.99,1814.78
IND-2025-1056,2025-12-15,Customer_982,Corporate,Ahmedabad,Gujarat,West,Standard Class,Grocery & Essentials,Packaged Food,885.45,5,0.1,4427.25,3984.53,-145.05
IND-2025-1057,2024-03-07,Customer_354,Consumer,Jaipur,Rajasthan,North,Same Day,Grocery & Essentials,Packaged Food,619.32,6,0.0,3715.92,3715.92,319.43
IND-2025-1058,2025-09-12,Customer_724,Small Business,Hyderabad,Telangana,South,Standard Class,Fashion & Apparel,Ethnic Wear,3812.98,4,0.1,15251.92,13726.73,3822.96
IND-2025-1059,2024-07-31,Customer_708,Corporate,Kolkata,West Bengal,East,First Class,Fashion & Apparel,Footwear,3641.71,2,0.05,7283.42,6919.25,1392.57
IND-2025-1060,2024-02-03,Customer_777,Consumer,Delhi,Delhi NCR,North,Same Day,Home & Kitchen,Home Decor,2257.47,4,0.0,9029.88,9029.88,2279.3
IND-2025-1061,2024-04-27,Customer_395,Corporate,Chennai,Tamil Nadu,South,Standard Class,Fashion & Apparel,Women's Clothing,3706.92,2,0.0,7413.84,7413.84,2734.92
IND-2025-1062,2025-04-24,Customer_430,Small Business,Patna,Bihar,East,First Class,Home & Kitchen,Appliances,17140.14,5,0.2,85700.7,68560.56,-5815.18
IND-2025-1063,2024-01-27,Customer_767,Corporate,Pune,Maharashtra,West,First Class,Fashion & Apparel,Men's Clothing,2998.97,6,0.4,17993.82,10796.29,-2417.99
IND-2025-1064,2024-07-04,Customer_437,Corporate,Hyderabad,Telangana,South,Same Day,Grocery & Essentials,Beverages,503.41,1,0.15,503.41,427.9,-17.1
IND-2025-1065,2024-10-22,Customer_944,Consumer,Kolkata,West Bengal,East,Same Day,Grocery & Essentials,Beverages,99.08,1,0.1,99.08,89.17,1.83
IND-2025-1066,2025-02-27,Customer_394,Corporate,Mumbai,Maharashtra,West,Same Day,Fashion & Apparel,Footwear,3490.54,4,0.3,13962.16,9773.51,-999.42
IND-2025-1067,2024-05-04,Customer_220,Small Business,Mumbai,Maharashtra,West,Second Class,Fashion & Apparel,Women's Clothing,1794.4,1,0.2,1794.4,1435.52,62.74
IND-2025-1068,2025-05-25,Customer_620,Small Business,Patna,Bihar,East,Second Class,Home & Kitchen,Home Decor,1538.73,4,0.15,6154.92,5231.68,103.93
IND-2025-1069,2024-03-12,Customer_775,Corporate,Noida,Uttar Pradesh,North,Second Class,Grocery & Essentials,Personal Care,1130.96,5,0.1,5654.8,5089.32,5.53
IND-2025-1070,2025-04-02,Customer_685,Corporate,Chennai,Tamil Nadu,South,Second Class,Grocery & Essentials,Personal Care,499.06,5,0.15,2495.3,2121.01,-108.54
IND-2025-1071,2025-02-24,Customer_137,Consumer,Mumbai,Maharashtra,West,First Class,Home & Kitchen,Appliances,13578.42,4,0.15,54313.68,46166.63,2528.2
IND-2025-1072,2024-04-12,Customer_580,Corporate,Indore,Madhya Pradesh,Central,First Class,Grocery & Essentials,Packaged Food,573.36,4,0.0,2293.44,2293.44,208.26
IND-2025-1073,2025-09-30,Customer_877,Corporate,Patna,Bihar,East,Standard Class,Grocery & Essentials,Beverages,121.76,3,0.4,365.28,219.17,-78.05
IND-2025-1074,2025-09-24,Customer_554,Consumer,Pune,Maharashtra,West,First Class,Fashion & Apparel,Footwear,4989.7,6,0.0,29938.2,29938.2,7926.63
IND-2025-1075,2024-01-30,Customer_274,Consumer,Mumbai,Maharashtra,West,Standard Class,Home & Kitchen,Cookware,1880.1,3,0.15,5640.3,4794.26,208.89
IND-2025-1076,2025-09-16,Customer_109,Corporate,Indore,Madhya Pradesh,Central,First Class,Grocery & Essentials,Beverages,435.23,4,0.2,1740.92,1392.74,-197.95
IND-2025-1077,2025-11-24,Customer_409,Consumer,Chennai,Tamil Nadu,South,Same Day,Fashion & Apparel,Men's Clothing,1660.15,3,0.2,4980.45,3984.36,614.8
IND-2025-1078,2025-05-09,Customer_381,Consumer,Pune,Maharashtra,West,Standard Class,Fashion & Apparel,Ethnic Wear,4517.15,5,0.1,22585.75,20327.17,3542.71
IND-2025-1079,2025-09-12,Customer_873,Small Business,Patna,Bihar,East,Second Class,Grocery & Essentials,Personal Care,964.53,2,0.2,1929.06,1543.25,-219.85
IND-2025-1080,2025-10-05,Customer_525,Consumer,Pune,Maharashtra,West,Second Class,Electronics,Headphones,3323.55,1,0.2,3323.55,2658.84,-241.45
IND-2025-1081,2024-05-15,Customer_923,Consumer,Bhopal,Madhya Pradesh,Central,Same Day,Home & Kitchen,Home Decor,2576.18,3,0.4,7728.54,4637.12,-1352.33
IND-2025-1082,2024-03-18,Customer_477,Small Business,Ahmedabad,Gujarat,West,First Class,Fashion & Apparel,Ethnic Wear,6810.16,5,0.1,34050.8,30645.72,5797.75
IND-2025-1083,2025-08-21,Customer_763,Consumer,Jaipur,Rajasthan,North,Same Day,Home & Kitchen,Cookware,3024.51,4,0.0,12098.04,12098.04,2330.58
IND-2025-1084,2025-12-18,Customer_497,Corporate,Noida,Uttar Pradesh,North,First Class,Grocery & Essentials,Packaged Food,225.8,1,0.1,225.8,203.22,-0.48
IND-2025-1085,2025-11-17,Customer_386,Consumer,Patna,Bihar,East,First Class,Grocery & Essentials,Beverages,465.98,2,0.15,931.96,792.17,-27.14
IND-2025-1086,2024-08-10,Customer_382,Consumer,Bengaluru,Karnataka,South,Standard Class,Grocery & Essentials,Packaged Food,869.91,1,0.3,869.91,608.94,-167.92
IND-2025-1087,2025-04-10,Customer_667,Consumer,Pune,Maharashtra,West,Second Class,Fashion & Apparel,Men's Clothing,721.39,3,0.05,2164.17,2055.96,633.33
IND-2025-1088,2024-08-26,Customer_234,Consumer,Lucknow,Uttar Pradesh,North,First Class,Fashion & Apparel,Men's Clothing,1265.46,2,0.05,2530.92,2404.37,744.82
IND-2025-1089,2024-08-31,Customer_896,Corporate,Hyderabad,Telangana,South,Standard Class,Home & Kitchen,Cookware,1522.74,1,0.05,1522.74,1446.6,270.42
IND-2025-1090,2025-04-07,Customer_967,Corporate,Chennai,Tamil Nadu,South,Same Day,Fashion & Apparel,Men's Clothing,2345.38,6,0.2,14072.28,11257.82,1198.97
IND-2025-1091,2025-12-03,Customer_699,Small Business,Pune,Maharashtra,West,First Class,Grocery & Essentials,Beverages,553.04,1,0.0,553.04,553.04,68.41
IND-2025-1092,2025-01-25,Customer_664,Small Business,Hyderabad,Telangana,South,Second Class,Home & Kitchen,Appliances,10583.27,4,0.0,42333.08,42333.08,9953.04
IND-2025-1093,2025-03-16,Customer_483,Consumer,Bengaluru,Karnataka,South,Same Day,Fashion & Apparel,Ethnic Wear,3165.8,4,0.15,12663.2,10763.72,906.98
IND-2025-1094,2024-03-09,Customer_675,Corporate,Pune,Maharashtra,West,Standard Class,Electronics,Smartphones,27275.06,6,0.3,163650.36,114555.25,-24078.17
IND-2025-1095,2025-02-24,Customer_593,Consumer,Lucknow,Uttar Pradesh,North,Standard Class,Grocery & Essentials,Beverages,106.75,3,0.2,320.25,256.2,-38.22
IND-2025-1096,2024-12-24,Customer_728,Small Business,Indore,Madhya Pradesh,Central,Standard Class,Home & Kitchen,Cookware,3287.82,5,0.05,16439.1,15617.14,3384.09
IND-2025-1097,2025-09-15,Customer_679,Small Business,Kolkata,West Bengal,East,Same Day,Home & Kitchen,Cookware,1541.25,6,0.4,9247.5,5548.5,-1826.6
IND-2025-1098,2024-03-12,Customer_895,Small Business,Ahmedabad,Gujarat,West,Standard Class,Electronics,Smartphones,39844.47,2,0.15,79688.94,67735.6,-1789.13
IND-2025-1099,2024-02-23,Customer_873,Small Business,Ahmedabad,Gujarat,West,Standard Class,Fashion & Apparel,Men's Clothing,2217.52,3,0.15,6652.56,5654.68,807.77
IND-2025-1100,2024-12-19,Customer_156,Consumer,Jaipur,Rajasthan,North,Second Class,Electronics,Headphones,2970.3,5,0.15,14851.5,12623.77,-225.27
IND-2025-1101,2024-11-04,Customer_335,Small Business,Delhi,Delhi NCR,North,First Class,Fashion & Apparel,Footwear,2157.79,1,0.0,2157.79,2157.79,678.84
IND-2025-1102,2024-03-14,Customer_396,Consumer,Jaipur,Rajasthan,North,Same Day,Electronics,Smartwatches,2149.93,1,0.4,2149.93,1289.96,-432.08
IND-2025-1103,2024-01-22,Customer_180,Corporate,Lucknow,Uttar Pradesh,North,First Class,Fashion & Apparel,Ethnic Wear,6025.75,3,0.0,18077.25,18077.25,4806.37
IND-2025-1104,2024-12-13,Customer_938,Small Business,Delhi,Delhi NCR,North,Second Class,Home & Kitchen,Furniture,6145.69,6,0.0,36874.14,36874.14,9252.08
IND-2025-1105,2024-08-29,Customer_605,Corporate,Pune,Maharashtra,West,Same Day,Fashion & Apparel,Footwear,1789.09,5,0.05,8945.45,8498.18,2450.25
IND-2025-1106,2025-11-28,Customer_619,Consumer,Hyderabad,Telangana,South,First Class,Home & Kitchen,Home Decor,877.39,1,0.15,877.39,745.78,4.26
IND-2025-1107,2025-04-17,Customer_493,Corporate,Bengaluru,Karnataka,South,Standard Class,Electronics,Smartphones,24749.5,3,0.0,74248.5,74248.5,12739.06
IND-2025-1108,2025-04-05,Customer_831,Consumer,Bhopal,Madhya Pradesh,Central,Second Class,Fashion & Apparel,Footwear,3420.02,5,0.05,17100.1,16245.09,4184.39
IND-2025-1109,2024-02-10,Customer_795,Small Business,Delhi,Delhi NCR,North,Standard Class,Grocery & Essentials,Personal Care,700.27,5,0.05,3501.35,3326.28,246.85
IND-2025-1110,2025-10-08,Customer_717,Consumer,Kolkata,West Bengal,East,First Class,Home & Kitchen,Cookware,1989.07,5,0.3,9945.35,6961.74,-691.28
IND-2025-1111,2024-03-24,Customer_672,Corporate,Hyderabad,Telangana,South,First Class,Fashion & Apparel,Footwear,2240.93,6,0.3,13445.58,9411.91,-853.26
IND-2025-1112,2024-05-10,Customer_296,Consumer,Kolkata,West Bengal,East,Second Class,Electronics,Smartwatches,6067.91,1,0.1,6067.91,5461.12,134.94
IND-2025-1113,2024-06-07,Customer_732,Consumer,Pune,Maharashtra,West,Same Day,Home & Kitchen,Cookware,2523.07,5,0.4,12615.35,7569.21,-1846.5
IND-2025-1114,2024-06-06,Customer_870,Small Business,Ahmedabad,Gujarat,West,Same Day,Fashion & Apparel,Women's Clothing,3107.79,1,0.15,3107.79,2641.62,470.04
IND-2025-1115,2024-08-27,Customer_887,Corporate,Chennai,Tamil Nadu,South,Same Day,Fashion & Apparel,Footwear,4862.39,4,0.4,19449.56,11669.74,-1496.69
IND-2025-1116,2025-05-29,Customer_205,Small Business,Chennai,Tamil Nadu,South,Standard Class,Grocery & Essentials,Packaged Food,835.2,5,0.05,4176.0,3967.2,182.43
IND-2025-1117,2024-10-18,Customer_457,Consumer,Pune,Maharashtra,West,Same Day,Fashion & Apparel,Footwear,2797.28,5,0.05,13986.4,13287.08,2707.34
IND-2025-1118,2024-02-24,Customer_443,Consumer,Jaipur,Rajasthan,North,Second Class,Home & Kitchen,Furniture,10792.49,1,0.1,10792.49,9713.24,416.51
IND-2025-1119,2024-02-09,Customer_955,Consumer,Noida,Uttar Pradesh,North,Same Day,Grocery & Essentials,Beverages,512.18,6,0.15,3073.08,2612.12,-214.42
IND-2025-1120,2024-04-23,Customer_611,Small Business,Bhopal,Madhya Pradesh,Central,Standard Class,Home & Kitchen,Furniture,9517.27,1,0.05,9517.27,9041.41,1351.01
IND-2025-1121,2025-10-09,Customer_636,Corporate,Chennai,Tamil Nadu,South,Standard Class,Fashion & Apparel,Women's Clothing,1732.07,1,0.2,1732.07,1385.66,132.47
IND-2025-1122,2025-06-22,Customer_169,Corporate,Chennai,Tamil Nadu,South,Second Class,Electronics,Smartwatches,8986.65,1,0.3,8986.65,6290.65,-1315.06
IND-2025-1123,2025-11-03,Customer_812,Corporate,Kolkata,West Bengal,East,Second Class,Electronics,Headphones,1226.91,3,0.2,3680.73,2944.58,-273.6
IND-2025-1124,2024-05-18,Customer_934,Small Business,Pune,Maharashtra,West,Same Day,Grocery & Essentials,Packaged Food,364.1,1,0.4,364.1,218.46,-79.5
IND-2025-1125,2024-09-16,Customer_509,Small Business,Mumbai,Maharashtra,West,Same Day,Fashion & Apparel,Footwear,2427.9,1,0.4,2427.9,1456.74,-275.35
IND-2025-1126,2025-01-30,Customer_716,Consumer,Lucknow,Uttar Pradesh,North,First Class,Fashion & Apparel,Ethnic Wear,5214.0,3,0.4,15642.0,9385.2,-1030.76
IND-2025-1127,2024-11-24,Customer_143,Small Business,Pune,Maharashtra,West,First Class,Electronics,Headphones,2914.94,3,0.15,8744.82,7433.1,-87.64
IND-2025-1128,2025-09-21,Customer_246,Small Business,Jaipur,Rajasthan,North,Same Day,Home & Kitchen,Cookware,1225.12,6,0.15,7350.72,6248.11,364.41
IND-2025-1129,2024-02-05,Customer_479,Corporate,Ahmedabad,Gujarat,West,Same Day,Electronics,Laptops,68925.77,3,0.1,206777.31,186099.58,5699.92
IND-2025-1130,2024-03-19,Customer_496,Small Business,Hyderabad,Telangana,South,Standard Class,Fashion & Apparel,Footwear,2592.14,6,0.1,15552.84,13997.56,2057.88
IND-2025-1131,2024-09-25,Customer_175,Corporate,Bhopal,Madhya Pradesh,Central,Second Class,Home & Kitchen,Appliances,6218.56,5,0.1,31092.8,27983.52,1567.73
IND-2025-1132,2025-12-31,Customer_826,Small Business,Bengaluru,Karnataka,South,Second Class,Electronics,Headphones,2937.09,6,0.0,17622.54,17622.54,2890.09
IND-2025-1133,2025-01-05,Customer_922,Small Business,Chennai,Tamil Nadu,South,Second Class,Fashion & Apparel,Men's Clothing,2964.32,2,0.05,5928.64,5632.21,1092.33
IND-2025-1134,2025-09-18,Customer_228,Corporate,Pune,Maharashtra,West,Standard Class,Electronics,Headphones,2074.11,6,0.3,12444.66,8711.26,-1757.12
IND-2025-1135,2025-04-05,Customer_989,Consumer,Bengaluru,Karnataka,South,Standard Class,Home & Kitchen,Furniture,18169.4,5,0.3,90847.0,63592.9,-12287.78
IND-2025-1136,2025-06-14,Customer_356,Consumer,Ahmedabad,Gujarat,West,First Class,Home & Kitchen,Furniture,7429.5,6,0.05,44577.0,42348.15,8738.13
IND-2025-1137,2024-05-08,Customer_719,Corporate,Kolkata,West Bengal,East,Standard Class,Home & Kitchen,Cookware,2507.72,2,0.2,5015.44,4012.35,-17.51
IND-2025-1138,2024-01-30,Customer_757,Corporate,Pune,Maharashtra,West,Same Day,Electronics,Headphones,2883.62,5,0.15,14418.1,12255.39,-129.31
IND-2025-1139,2024-09-07,Customer_247,Corporate,Bhopal,Madhya Pradesh,Central,First Class,Grocery & Essentials,Personal Care,626.22,6,0.0,3757.32,3757.32,390.06
IND-2025-1140,2024-12-19,Customer_151,Corporate,Jaipur,Rajasthan,North,Same Day,Fashion & Apparel,Footwear,3059.92,1,0.1,3059.92,2753.93,408.62
IND-2025-1141,2025-09-22,Customer_610,Corporate,Jaipur,Rajasthan,North,Same Day,Fashion & Apparel,Women's Clothing,3403.13,5,0.3,17015.65,11910.95,53.22
IND-2025-1142,2024-01-24,Customer_963,Small Business,Pune,Maharashtra,West,Same Day,Grocery & Essentials,Beverages,317.76,2,0.05,635.52,603.74,37.33
IND-2025-1143,2024-10-19,Customer_675,Consumer,Chennai,Tamil Nadu,South,First Class,Electronics,Smartphones,27237.11,3,0.3,81711.33,57197.93,-12053.77
IND-2025-1144,2025-07-20,Customer_199,Corporate,Noida,Uttar Pradesh,North,First Class,Electronics,Smartwatches,6034.04,5,0.1,30170.2,27153.18,1792.79
IND-2025-1145,2024-12-13,Customer_585,Small Business,Chennai,Tamil Nadu,South,Same Day,Home & Kitchen,Furniture,7985.87,5,0.15,39929.35,33939.95,-413.57
IND-2025-1146,2024-06-01,Customer_619,Small Business,Hyderabad,Telangana,South,Same Day,Fashion & Apparel,Footwear,4725.47,3,0.05,14176.41,13467.59,3804.26
IND-2025-1147,2025-12-26,Customer_842,Small Business,Hyderabad,Telangana,South,Standard Class,Home & Kitchen,Appliances,15236.23,3,0.1,45708.69,41137.82,4355.72
IND-2025-1148,2025-09-03,Customer_251,Small Business,Bengaluru,Karnataka,South,Second Class,Home & Kitchen,Furniture,15821.0,5,0.15,79105.0,67239.25,3400.0
IND-2025-1149,2024-02-02,Customer_582,Small Business,Hyderabad,Telangana,South,Standard Class,Electronics,Laptops,30946.87,3,0.15,92840.61,78914.52,-3778.86
IND-2025-1150,2025-12-23,Customer_659,Corporate,Ahmedabad,Gujarat,West,First Class,Fashion & Apparel,Footwear,4992.49,4,0.2,19969.96,15975.97,2452.36
IND-2025-1151,2025-09-16,Customer_806,Small Business,Bengaluru,Karnataka,South,Same Day,Fashion & Apparel,Women's Clothing,1692.82,3,0.05,5078.46,4824.54,1627.51
IND-2025-1152,2024-11-20,Customer_891,Consumer,Bengaluru,Karnataka,South,First Class,Home & Kitchen,Home Decor,1219.47,5,0.3,6097.35,4268.15,-677.4
IND-2025-1153,2024-02-13,Customer_675,Small Business,Noida,Uttar Pradesh,North,First Class,Electronics,Headphones,3756.83,6,0.1,22540.98,20286.88,1212.89
IND-2025-1154,2024-05-20,Customer_202,Small Business,Pune,Maharashtra,West,Second Class,Fashion & Apparel,Women's Clothing,962.45,5,0.05,4812.25,4571.64,904.61
IND-2025-1155,2024-01-06,Customer_160,Consumer,Chennai,Tamil Nadu,South,Second Class,Fashion & Apparel,Ethnic Wear,4986.78,4,0.15,19947.12,16955.05,3109.33
IND-2025-1156,2025-07-01,Customer_993,Corporate,Patna,Bihar,East,Standard Class,Electronics,Laptops,50894.25,2,0.0,101788.5,101788.5,20334.67
IND-2025-1157,2024-01-10,Customer_379,Consumer,Noida,Uttar Pradesh,North,Standard Class,Electronics,Headphones,1710.6,6,0.2,10263.6,8210.88,-640.9
IND-2025-1158,2024-12-04,Customer_279,Small Business,Ahmedabad,Gujarat,West,Same Day,Grocery & Essentials,Beverages,213.78,2,0.0,427.56,427.56,56.87
IND-2025-1159,2025-03-13,Customer_492,Consumer,Chennai,Tamil Nadu,South,Same Day,Home & Kitchen,Cookware,2202.5,1,0.05,2202.5,2092.38,442.87
IND-2025-1160,2024-09-30,Customer_802,Small Business,Lucknow,Uttar Pradesh,North,First Class,Home & Kitchen,Cookware,1784.66,3,0.3,5353.98,3747.79,-560.29
IND-2025-1161,2025-12-07,Customer_818,Small Business,Pune,Maharashtra,West,Same Day,Home & Kitchen,Home Decor,2036.56,2,0.05,4073.12,3869.46,845.67
IND-2025-1162,2025-07-04,Customer_677,Consumer,Bhopal,Madhya Pradesh,Central,Standard Class,Fashion & Apparel,Women's Clothing,2977.09,5,0.4,14885.45,8931.27,-1350.18
IND-2025-1163,2025-07-14,Customer_622,Corporate,Chennai,Tamil Nadu,South,Standard Class,Fashion & Apparel,Women's Clothing,1326.52,5,0.15,6632.6,5637.71,568.34
IND-2025-1164,2025-04-09,Customer_103,Small Business,Ahmedabad,Gujarat,West,Second Class,Grocery & Essentials,Personal Care,742.11,5,0.15,3710.55,3153.97,-259.22
IND-2025-1165,2025-08-15,Customer_132,Corporate,Pune,Maharashtra,West,Same Day,Electronics,Smartwatches,4756.23,1,0.2,4756.23,3804.98,-153.99
IND-2025-1166,2024-07-03,Customer_777,Small Business,Bhopal,Madhya Pradesh,Central,Second Class,Fashion & Apparel,Ethnic Wear,3371.87,4,0.15,13487.48,11464.36,2361.83
IND-2025-1167,2025-10-31,Customer_123,Corporate,Indore,Madhya Pradesh,Central,Same Day,Home & Kitchen,Cookware,1535.42,5,0.15,7677.1,6525.53,-6.85
IND-2025-1168,2025-11-20,Customer_883,Consumer,Patna,Bihar,East,Standard Class,Grocery & Essentials,Beverages,277.22,2,0.05,554.44,526.72,42.8
IND-2025-1169,2025-11-07,Customer_858,Consumer,Jaipur,Rajasthan,North,Same Day,Electronics,Laptops,40304.08,1,0.2,40304.08,32243.26,-3782.58
IND-2025-1170,2025-03-25,Customer_788,Corporate,Delhi,Delhi NCR,North,Second Class,Fashion & Apparel,Men's Clothing,936.33,3,0.05,2808.99,2668.54,799.84
IND-2025-1171,2024-11-05,Customer_537,Small Business,Ahmedabad,Gujarat,West,Same Day,Fashion & Apparel,Ethnic Wear,2942.91,1,0.2,2942.91,2354.33,334.21
IND-2025-1172,2024-02-18,Customer_969,Consumer,Lucknow,Uttar Pradesh,North,First Class,Grocery & Essentials,Beverages,245.74,4,0.15,982.96,835.52,-55.86
IND-2025-1173,2025-12-25,Customer_180,Corporate,Ahmedabad,Gujarat,West,First Class,Grocery & Essentials,Packaged Food,606.15,4,0.2,2424.6,1939.68,-265.51
IND-2025-1174,2024-04-04,Customer_841,Small Business,Chennai,Tamil Nadu,South,Second Class,Fashion & Apparel,Men's Clothing,1244.31,6,0.2,7465.86,5972.69,842.41
IND-2025-1175,2025-05-05,Customer_590,Consumer,Delhi,Delhi NCR,North,Second Class,Home & Kitchen,Home Decor,2892.55,1,0.05,2892.55,2747.92,289.22
IND-2025-1176,2025-02-10,Customer_200,Small Business,Delhi,Delhi NCR,North,Same Day,Home & Kitchen,Home Decor,1451.65,5,0.3,7258.25,5080.77,-728.25
IND-2025-1177,2024-11-23,Customer_693,Small Business,Delhi,Delhi NCR,North,Same Day,Home & Kitchen,Home Decor,1534.83,5,0.4,7674.15,4604.49,-1363.39
IND-2025-1178,2024-10-29,Customer_881,Corporate,Ahmedabad,Gujarat,West,Same Day,Fashion & Apparel,Footwear,1920.07,5,0.4,9600.35,5760.21,-849.08
IND-2025-1179,2025-04-16,Customer_636,Consumer,Ahmedabad,Gujarat,West,Standard Class,Home & Kitchen,Furniture,7099.38,5,0.15,35496.9,30172.37,2979.28
IND-2025-1180,2025-11-15,Customer_161,Small Business,Mumbai,Maharashtra,West,Same Day,Electronics,Smartwatches,3099.93,6,0.05,18599.58,17669.6,1156.25
IND-2025-1181,2025-11-06,Customer_614,Small Business,Bengaluru,Karnataka,South,Same Day,Electronics,Smartphones,31288.5,4,0.0,125154.0,125154.0,15185.95
IND-2025-1182,2024-07-02,Customer_515,Corporate,Pune,Maharashtra,West,Second Class,Electronics,Laptops,42048.44,5,0.2,210242.2,168193.76,-16786.84
IND-2025-1183,2025-12-14,Customer_752,Consumer,Delhi,Delhi NCR,North,Second Class,Home & Kitchen,Cookware,2961.21,6,0.4,17767.26,10660.36,-2995.22
IND-2025-1184,2024-03-25,Customer_988,Small Business,Bengaluru,Karnataka,South,Same Day,Grocery & Essentials,Beverages,487.88,5,0.4,2439.4,1463.64,-561.92
IND-2025-1185,2024-10-04,Customer_701,Consumer,Mumbai,Maharashtra,West,Same Day,Electronics,Headphones,3677.8,5,0.3,18389.0,12872.3,-3055.47
IND-2025-1186,2024-03-19,Customer_805,Small Business,Noida,Uttar Pradesh,North,Standard Class,Fashion & Apparel,Women's Clothing,2613.43,4,0.3,10453.72,7317.6,-440.82
IND-2025-1187,2025-05-27,Customer_892,Corporate,Patna,Bihar,East,Standard Class,Home & Kitchen,Cookware,1293.06,2,0.4,2586.12,1551.67,-388.22
IND-2025-1188,2025-10-11,Customer_733,Corporate,Noida,Uttar Pradesh,North,Second Class,Grocery & Essentials,Personal Care,389.55,5,0.15,1947.75,1655.59,-155.63
IND-2025-1189,2025-12-31,Customer_105,Corporate,Pune,Maharashtra,West,Same Day,Electronics,Headphones,1293.51,6,0.4,7761.06,4656.64,-1440.24
IND-2025-1190,2025-01-03,Customer_462,Small Business,Bhopal,Madhya Pradesh,Central,Standard Class,Home & Kitchen,Cookware,1397.52,2,0.15,2795.04,2375.78,54.75
IND-2025-1191,2025-09-03,Customer_348,Small Business,Hyderabad,Telangana,South,Second Class,Home & Kitchen,Appliances,3185.11,4,0.15,12740.44,10829.37,462.84
IND-2025-1192,2025-12-02,Customer_901,Consumer,Jaipur,Rajasthan,North,First Class,Fashion & Apparel,Women's Clothing,1660.54,3,0.15,4981.62,4234.38,402.61
IND-2025-1193,2024-09-14,Customer_489,Corporate,Delhi,Delhi NCR,North,Same Day,Grocery & Essentials,Beverages,400.67,4,0.0,1602.68,1602.68,222.63
IND-2025-1194,2024-12-08,Customer_852,Small Business,Jaipur,Rajasthan,North,Same Day,Fashion & Apparel,Footwear,2282.66,6,0.05,13695.96,13011.16,2818.81
IND-2025-1195,2025-08-12,Customer_798,Small Business,Bhopal,Madhya Pradesh,Central,Standard Class,Fashion & Apparel,Footwear,2504.22,4,0.1,10016.88,9015.19,1934.46
IND-2025-1196,2025-04-17,Customer_748,Corporate,Patna,Bihar,East,Second Class,Fashion & Apparel,Ethnic Wear,5826.58,6,0.0,34959.48,34959.48,12912.23
IND-2025-1197,2024-09-15,Customer_990,Small Business,Kolkata,West Bengal,East,Same Day,Fashion & Apparel,Ethnic Wear,5776.65,1,0.15,5776.65,4910.15,696.68
IND-2025-1198,2025-07-10,Customer_760,Small Business,Mumbai,Maharashtra,West,Same Day,Home & Kitchen,Cookware,1328.11,2,0.3,2656.22,1859.35,-242.37
IND-2025-1199,2024-12-05,Customer_556,Corporate,Bhopal,Madhya Pradesh,Central,Same Day,Grocery & Essentials,Packaged Food,109.49,3,0.05,328.47,312.05,18.81
IND-2025-1200,2025-04-19,Customer_847,Consumer,Bhopal,Madhya Pradesh,Central,First Class,Fashion & Apparel,Footwear,4990.81,4,0.0,19963.24,19963.24,7747.38
IND-2025-1201,2024-11-15,Customer_145,Small Business,Lucknow,Uttar Pradesh,North,Standard Class,Grocery & Essentials,Packaged Food,569.0,3,0.15,1707.0,1450.95,-138.27
IND-2025-1202,2024-01-24,Customer_573,Consumer,Indore,Madhya Pradesh,Central,Same Day,Home & Kitchen,Cookware,3031.42,2,0.3,6062.84,4243.99,-802.89
IND-2025-1203,2025-10-06,Customer_319,Consumer,Ahmedabad,Gujarat,West,First Class,Fashion & Apparel,Ethnic Wear,3494.38,6,0.2,20966.28,16773.02,1298.84
IND-2025-1204,2025-12-21,Customer_601,Small Business,Bhopal,Madhya Pradesh,Central,First Class,Electronics,Smartphones,41980.09,5,0.05,209900.45,199405.43,17799.62
IND-2025-1205,2025-09-03,Customer_729,Small Business,Jaipur,Rajasthan,North,Standard Class,Grocery & Essentials,Beverages,139.4,3,0.4,418.2,250.92,-86.31
IND-2025-1206,2025-11-19,Customer_688,Corporate,Ahmedabad,Gujarat,West,Same Day,Home & Kitchen,Cookware,1715.72,1,0.05,1715.72,1629.93,229.01
IND-2025-1207,2024-07-09,Customer_109,Corporate,Bengaluru,Karnataka,South,Second Class,Fashion & Apparel,Women's Clothing,2366.85,2,0.05,4733.7,4497.01,1158.66
IND-2025-1208,2024-07-18,Customer_184,Small Business,Indore,Madhya Pradesh,Central,Standard Class,Grocery & Essentials,Beverages,342.83,4,0.15,1371.32,1165.62,-76.69
IND-2025-1209,2024-08-13,Customer_623,Consumer,Noida,Uttar Pradesh,North,Standard Class,Electronics,Headphones,1519.5,3,0.05,4558.5,4330.57,530.32
IND-2025-1210,2024-10-01,Customer_353,Corporate,Bhopal,Madhya Pradesh,Central,Standard Class,Home & Kitchen,Cookware,3280.01,4,0.2,13120.04,10496.03,59.6
IND-2025-1211,2025-04-05,Customer_981,Small Business,Noida,Uttar Pradesh,North,Same Day,Home & Kitchen,Cookware,2317.21,1,0.4,2317.21,1390.33,-325.49
IND-2025-1212,2024-06-18,Customer_820,Corporate,Hyderabad,Telangana,South,First Class,Fashion & Apparel,Women's Clothing,3403.3,1,0.2,3403.3,2722.64,142.02
IND-2025-1213,2025-08-09,Customer_355,Consumer,Noida,Uttar Pradesh,North,First Class,Electronics,Laptops,78138.6,4,0.0,312554.4,312554.4,62323.0
IND-2025-1214,2024-09-10,Customer_887,Consumer,Bhopal,Madhya Pradesh,Central,Same Day,Grocery & Essentials,Personal Care,299.28,6,0.1,1795.68,1616.11,25.25
IND-2025-1215,2025-06-11,Customer_569,Small Business,Patna,Bihar,East,First Class,Home & Kitchen,Home Decor,1636.74,4,0.1,6546.96,5892.26,825.69
IND-2025-1216,2024-03-05,Customer_679,Corporate,Bhopal,Madhya Pradesh,Central,First Class,Grocery & Essentials,Packaged Food,971.32,2,0.15,1942.64,1651.24,-98.32
IND-2025-1217,2025-11-29,Customer_538,Consumer,Bhopal,Madhya Pradesh,Central,Second Class,Electronics,Smartphones,13982.99,4,0.0,55931.96,55931.96,7267.74
IND-2025-1218,2025-10-27,Customer_740,Corporate,Noida,Uttar Pradesh,North,Second Class,Fashion & Apparel,Footwear,1373.36,3,0.1,4120.08,3708.07,851.66
IND-2025-1219,2025-03-15,Customer_812,Corporate,Kolkata,West Bengal,East,Standard Class,Electronics,Smartphones,10043.45,4,0.0,40173.8,40173.8,5247.34
IND-2025-1220,2025-03-08,Customer_240,Corporate,Patna,Bihar,East,Second Class,Fashion & Apparel,Ethnic Wear,1610.8,4,0.0,6443.2,6443.2,1709.79
IND-2025-1221,2025-10-18,Customer_255,Corporate,Kolkata,West Bengal,East,Same Day,Fashion & Apparel,Men's Clothing,1873.22,1,0.2,1873.22,1498.58,113.91
IND-2025-1222,2024-08-10,Customer_383,Small Business,Pune,Maharashtra,West,Standard Class,Electronics,Laptops,67622.28,5,0.3,338111.4,236677.98,-49531.36
IND-2025-1223,2024-09-11,Customer_761,Consumer,Chennai,Tamil Nadu,South,Second Class,Home & Kitchen,Cookware,3543.68,6,0.1,21262.08,19135.87,1043.37
IND-2025-1224,2025-05-21,Customer_235,Corporate,Jaipur,Rajasthan,North,Same Day,Electronics,Laptops,54979.13,5,0.0,274895.65,274895.65,44605.37
IND-2025-1225,2025-01-09,Customer_908,Corporate,Chennai,Tamil Nadu,South,First Class,Fashion & Apparel,Ethnic Wear,6735.83,1,0.0,6735.83,6735.83,1697.89
IND-2025-1226,2025-10-05,Customer_623,Consumer,Patna,Bihar,East,Second Class,Grocery & Essentials,Personal Care,886.9,1,0.3,886.9,620.83,-160.36
IND-2025-1227,2025-07-03,Customer_344,Consumer,Lucknow,Uttar Pradesh,North,Second Class,Grocery & Essentials,Beverages,409.83,6,0.3,2458.98,1721.29,-367.08
IND-2025-1228,2024-03-29,Customer_240,Small Business,Jaipur,Rajasthan,North,Standard Class,Electronics,Smartwatches,6898.37,1,0.1,6898.37,6208.53,330.83
IND-2025-1229,2024-06-16,Customer_130,Corporate,Bengaluru,Karnataka,South,Same Day,Home & Kitchen,Home Decor,917.41,2,0.3,1834.82,1284.37,-121.71
IND-2025-1230,2024-10-05,Customer_680,Consumer,Chennai,Tamil Nadu,South,First Class,Electronics,Headphones,3079.43,5,0.3,15397.15,10778.0,-2520.27
IND-2025-1231,2024-06-10,Customer_492,Consumer,Noida,Uttar Pradesh,North,Second Class,Electronics,Smartphones,19136.18,5,0.0,95680.9,95680.9,11818.79
IND-2025-1232,2024-02-06,Customer_789,Consumer,Chennai,Tamil Nadu,South,Second Class,Grocery & Essentials,Packaged Food,389.62,4,0.3,1558.48,1090.94,-296.35
IND-2025-1233,2024-08-16,Customer_108,Corporate,Bhopal,Madhya Pradesh,Central,Second Class,Electronics,Smartwatches,2551.41,4,0.4,10205.64,6123.38,-2066.12
IND-2025-1234,2024-10-25,Customer_915,Consumer,Hyderabad,Telangana,South,Second Class,Home & Kitchen,Furniture,11958.9,5,0.15,59794.5,50825.32,3314.84
IND-2025-1235,2024-01-07,Customer_485,Small Business,Jaipur,Rajasthan,North,First Class,Electronics,Laptops,57077.26,6,0.4,342463.56,205478.14,-62572.85
IND-2025-1236,2024-04-16,Customer_632,Corporate,Delhi,Delhi NCR,North,First Class,Fashion & Apparel,Ethnic Wear,4053.77,1,0.05,4053.77,3851.08,785.44
IND-2025-1237,2025-04-14,Customer_233,Consumer,Patna,Bihar,East,First Class,Electronics,Smartphones,30217.11,6,0.4,181302.66,108781.6,-35729.52
IND-2025-1238,2024-09-24,Customer_898,Small Business,Indore,Madhya Pradesh,Central,Standard Class,Home & Kitchen,Appliances,13510.88,6,0.1,81065.28,72958.75,2897.15
IND-2025-1239,2024-06-08,Customer_371,Consumer,Pune,Maharashtra,West,Standard Class,Fashion & Apparel,Ethnic Wear,3903.12,4,0.0,15612.48,15612.48,6162.17
IND-2025-1240,2024-06-10,Customer_793,Corporate,Bhopal,Madhya Pradesh,Central,First Class,Home & Kitchen,Cookware,1645.06,3,0.05,4935.18,4688.42,638.78
IND-2025-1241,2024-06-27,Customer_163,Consumer,Mumbai,Maharashtra,West,Second Class,Grocery & Essentials,Personal Care,733.75,5,0.05,3668.75,3485.31,99.34
IND-2025-1242,2024-07-21,Customer_166,Consumer,Indore,Madhya Pradesh,Central,Same Day,Grocery & Essentials,Personal Care,870.6,6,0.0,5223.6,5223.6,425.86
IND-2025-1243,2024-05-11,Customer_130,Corporate,Pune,Maharashtra,West,Same Day,Home & Kitchen,Cookware,1128.09,4,0.0,4512.36,4512.36,1158.86
IND-2025-1244,2024-06-25,Customer_521,Small Business,Lucknow,Uttar Pradesh,North,Same Day,Fashion & Apparel,Women's Clothing,1679.94,4,0.05,6719.76,6383.77,1805.82
IND-2025-1245,2024-03-03,Customer_913,Consumer,Pune,Maharashtra,West,Same Day,Home & Kitchen,Appliances,5058.54,2,0.3,10117.08,7081.96,-906.5
IND-2025-1246,2025-12-31,Customer_324,Consumer,Lucknow,Uttar Pradesh,North,First Class,Grocery & Essentials,Beverages,486.35,3,0.2,1459.05,1167.24,-160.7
IND-2025-1247,2024-02-29,Customer_935,Small Business,Bhopal,Madhya Pradesh,Central,Standard Class,Grocery & Essentials,Beverages,265.87,5,0.05,1329.35,1262.88,48.82
IND-2025-1248,2024-08-12,Customer_705,Consumer,Hyderabad,Telangana,South,First Class,Grocery & Essentials,Personal Care,1131.97,2,0.05,2263.94,2150.74,97.03
IND-2025-1249,2025-08-04,Customer_324,Consumer,Hyderabad,Telangana,South,Same Day,Fashion & Apparel,Women's Clothing,3477.43,4,0.2,13909.72,11127.78,929.9
IND-2025-1250,2024-01-01,Customer_245,Consumer,Lucknow,Uttar Pradesh,North,First Class,Fashion & Apparel,Women's Clothing,1890.43,2,0.4,3780.86,2268.52,-411.65
IND-2025-1251,2024-03-15,Customer_598,Small Business,Lucknow,Uttar Pradesh,North,First Class,Grocery & Essentials,Beverages,132.54,3,0.1,397.62,357.86,5.52
IND-2025-1252,2024-06-27,Customer_818,Small Business,Patna,Bihar,East,Same Day,Home & Kitchen,Furniture,14982.98,2,0.15,29965.96,25471.07,-342.45
IND-2025-1253,2025-08-04,Customer_179,Consumer,Mumbai,Maharashtra,West,First Class,Fashion & Apparel,Footwear,4684.15,5,0.05,23420.75,22249.71,4574.91
IND-2025-1254,2024-11-23,Customer_101,Consumer,Ahmedabad,Gujarat,West,Same Day,Electronics,Headphones,2229.22,3,0.05,6687.66,6353.28,508.03
IND-2025-1255,2025-03-24,Customer_691,Small Business,Patna,Bihar,East,Second Class,Grocery & Essentials,Packaged Food,896.1,4,0.15,3584.4,3046.74,-136.46
IND-2025-1256,2024-06-15,Customer_849,Consumer,Bengaluru,Karnataka,South,Standard Class,Electronics,Smartphones,21796.34,3,0.1,65389.02,58850.12,4480.43
IND-2025-1257,2024-12-12,Customer_294,Corporate,Hyderabad,Telangana,South,First Class,Grocery & Essentials,Beverages,96.12,6,0.05,576.72,547.88,23.66
IND-2025-1258,2025-11-07,Customer_189,Corporate,Noida,Uttar Pradesh,North,Same Day,Home & Kitchen,Furniture,6438.74,4,0.2,25754.96,20603.97,-1708.37
IND-2025-1259,2024-07-23,Customer_776,Corporate,Pune,Maharashtra,West,Standard Class,Electronics,Laptops,38541.61,3,0.0,115624.83,115624.83,18255.5
IND-2025-1260,2025-10-19,Customer_957,Corporate,Chennai,Tamil Nadu,South,Standard Class,Grocery & Essentials,Packaged Food,433.92,4,0.1,1735.68,1562.11,-33.68
IND-2025-1261,2024-06-03,Customer_938,Small Business,Bhopal,Madhya Pradesh,Central,Same Day,Electronics,Smartphones,36725.65,5,0.15,183628.25,156084.01,2755.89
IND-2025-1262,2025-07-02,Customer_629,Small Business,Kolkata,West Bengal,East,Second Class,Grocery & Essentials,Beverages,538.46,4,0.1,2153.84,1938.46,-9.41
IND-2025-1263,2024-05-03,Customer_545,Consumer,Bhopal,Madhya Pradesh,Central,Second Class,Grocery & Essentials,Packaged Food,954.16,2,0.05,1908.32,1812.9,161.67
IND-2025-1264,2025-09-01,Customer_112,Small Business,Noida,Uttar Pradesh,North,Same Day,Home & Kitchen,Cookware,1261.08,5,0.15,6305.4,5359.59,201.3
IND-2025-1265,2024-04-25,Customer_904,Corporate,Jaipur,Rajasthan,North,First Class,Fashion & Apparel,Women's Clothing,2613.1,5,0.4,13065.5,7839.3,-1685.21
IND-2025-1266,2025-02-24,Customer_810,Corporate,Noida,Uttar Pradesh,North,Standard Class,Grocery & Essentials,Beverages,332.5,5,0.15,1662.5,1413.12,-81.1
IND-2025-1267,2025-02-09,Customer_603,Small Business,Lucknow,Uttar Pradesh,North,Standard Class,Fashion & Apparel,Men's Clothing,2389.8,3,0.1,7169.4,6452.46,1629.94
IND-2025-1268,2024-08-21,Customer_943,Corporate,Ahmedabad,Gujarat,West,Same Day,Home & Kitchen,Appliances,14610.46,3,0.1,43831.38,39448.24,1641.33
IND-2025-1269,2025-06-12,Customer_682,Consumer,Indore,Madhya Pradesh,Central,Second Class,Home & Kitchen,Cookware,2545.81,2,0.0,5091.62,5091.62,853.53
IND-2025-1270,2024-07-16,Customer_617,Corporate,Indore,Madhya Pradesh,Central,Standard Class,Fashion & Apparel,Men's Clothing,1198.78,4,0.0,4795.12,4795.12,1705.6
IND-2025-1271,2025-11-28,Customer_957,Corporate,Mumbai,Maharashtra,West,Standard Class,Fashion & Apparel,Footwear,2955.15,4,0.05,11820.6,11229.57,2933.02
IND-2025-1272,2024-10-18,Customer_375,Small Business,Mumbai,Maharashtra,West,Same Day,Grocery & Essentials,Packaged Food,246.62,5,0.4,1233.1,739.86,-260.85
IND-2025-1273,2025-06-09,Customer_412,Small Business,Mumbai,Maharashtra,West,First Class,Electronics,Smartwatches,9292.12,6,0.05,55752.72,52965.08,5725.07
IND-2025-1274,2025-03-09,Customer_623,Small Business,Jaipur,Rajasthan,North,First Class,Home & Kitchen,Appliances,6779.98,4,0.1,27119.92,24407.93,1992.42
IND-2025-1275,2025-07-28,Customer_771,Small Business,Kolkata,West Bengal,East,First Class,Home & Kitchen,Home Decor,2211.03,4,0.0,8844.12,8844.12,1700.44
IND-2025-1276,2024-07-11,Customer_402,Corporate,Ahmedabad,Gujarat,West,Same Day,Fashion & Apparel,Men's Clothing,2533.03,5,0.15,12665.15,10765.38,1852.87
IND-2025-1277,2025-02-18,Customer_467,Small Business,Jaipur,Rajasthan,North,First Class,Electronics,Laptops,47158.35,6,0.05,282950.1,268802.59,30886.88
IND-2025-1278,2024-06-23,Customer_796,Corporate,Indore,Madhya Pradesh,Central,Standard Class,Fashion & Apparel,Footwear,1390.41,2,0.3,2780.82,1946.57,21.9
IND-2025-1279,2024-08-15,Customer_987,Small Business,Lucknow,Uttar Pradesh,North,Standard Class,Fashion & Apparel,Footwear,2681.89,3,0.1,8045.67,7241.1,1260.73
IND-2025-1280,2025-04-28,Customer_683,Corporate,Delhi,Delhi NCR,North,Second Class,Electronics,Smartwatches,6238.71,4,0.0,24954.84,24954.84,4733.13
IND-2025-1281,2024-11-19,Customer_892,Consumer,Indore,Madhya Pradesh,Central,Second Class,Fashion & Apparel,Men's Clothing,1770.19,6,0.05,10621.14,10090.08,2004.92
IND-2025-1282,2025-05-16,Customer_304,Small Business,Bhopal,Madhya Pradesh,Central,First Class,Electronics,Laptops,60723.99,6,0.15,364343.94,309692.35,-8587.31
IND-2025-1283,2024-01-15,Customer_492,Small Business,Lucknow,Uttar Pradesh,North,First Class,Fashion & Apparel,Men's Clothing,2224.2,6,0.3,13345.2,9341.64,-55.78
IND-2025-1284,2024-06-20,Customer_237,Corporate,Pune,Maharashtra,West,Same Day,Electronics,Headphones,3835.08,4,0.3,15340.32,10738.22,-2130.22
IND-2025-1285,2025-01-02,Customer_703,Small Business,Bhopal,Madhya Pradesh,Central,Second Class,Fashion & Apparel,Women's Clothing,3833.87,4,0.0,15335.48,15335.48,5506.59
IND-2025-1286,2024-05-06,Customer_769,Consumer,Lucknow,Uttar Pradesh,North,Standard Class,Electronics,Smartwatches,9012.35,3,0.4,27037.05,16222.23,-5146.04
IND-2025-1287,2025-12-07,Customer_408,Corporate,Pune,Maharashtra,West,Standard Class,Grocery & Essentials,Personal Care,549.27,5,0.1,2746.35,2471.72,10.19
IND-2025-1288,2025-11-09,Customer_303,Small Business,Chennai,Tamil Nadu,South,Second Class,Home & Kitchen,Furniture,11282.39,1,0.2,11282.39,9025.91,-678.55
IND-2025-1289,2024-09-26,Customer_438,Consumer,Indore,Madhya Pradesh,Central,Standard Class,Fashion & Apparel,Footwear,3813.75,3,0.05,11441.25,10869.19,2874.39
IND-2025-1290,2024-01-14,Customer_203,Corporate,Kolkata,West Bengal,East,Second Class,Electronics,Smartphones,43409.29,6,0.15,260455.74,221387.38,-10641.75
IND-2025-1291,2025-04-12,Customer_856,Consumer,Noida,Uttar Pradesh,North,Standard Class,Home & Kitchen,Appliances,3751.2,2,0.4,7502.4,4501.44,-1016.39
IND-2025-1292,2024-02-16,Customer_216,Corporate,Mumbai,Maharashtra,West,Same Day,Fashion & Apparel,Women's Clothing,1851.71,4,0.2,7406.84,5925.47,710.82
IND-2025-1293,2025-04-12,Customer_964,Consumer,Noida,Uttar Pradesh,North,Standard Class,Grocery & Essentials,Beverages,522.35,4,0.3,2089.4,1462.58,-335.15
IND-2025-1294,2025-03-02,Customer_958,Small Business,Hyderabad,Telangana,South,Second Class,Grocery & Essentials,Beverages,432.76,2,0.2,865.52,692.42,-77.61
IND-2025-1295,2025-05-09,Customer_861,Small Business,Bengaluru,Karnataka,South,Second Class,Electronics,Smartwatches,5525.5,1,0.1,5525.5,4972.95,260.57
IND-2025-1296,2025-11-16,Customer_946,Small Business,Indore,Madhya Pradesh,Central,Standard Class,Home & Kitchen,Cookware,2298.54,6,0.05,13791.24,13101.68,2271.6
IND-2025-1297,2024-01-12,Customer_619,Consumer,Kolkata,West Bengal,East,Same Day,Fashion & Apparel,Ethnic Wear,6140.85,2,0.0,12281.7,12281.7,3661.11
IND-2025-1298,2025-02-16,Customer_863,Small Business,Indore,Madhya Pradesh,Central,Standard Class,Fashion & Apparel,Men's Clothing,1701.83,5,0.15,8509.15,7232.78,1047.08
IND-2025-1299,2024-04-15,Customer_620,Small Business,Jaipur,Rajasthan,North,Second Class,Grocery & Essentials,Packaged Food,601.42,1,0.4,601.42,360.85,-136.65
IND-2025-1300,2025-11-01,Customer_584,Small Business,Kolkata,West Bengal,East,First Class,Grocery & Essentials,Personal Care,531.51,1,0.4,531.51,318.91,-113.73
IND-2025-1301,2025-04-08,Customer_208,Consumer,Pune,Maharashtra,West,Second Class,Electronics,Laptops,30109.85,3,0.4,90329.55,54197.73,-16763.74
IND-2025-1302,2025-05-19,Customer_295,Small Business,Ahmedabad,Gujarat,West,First Class,Grocery & Essentials,Packaged Food,328.86,2,0.05,657.72,624.83,48.56
IND-2025-1303,2024-04-20,Customer_616,Consumer,Bhopal,Madhya Pradesh,Central,Same Day,Grocery & Essentials,Packaged Food,933.96,6,0.2,5603.76,4483.01,-532.35
IND-2025-1304,2024-01-05,Customer_934,Consumer,Chennai,Tamil Nadu,South,Standard Class,Electronics,Smartwatches,8710.53,4,0.2,34842.12,27873.7,-1603.11
IND-2025-1305,2025-01-31,Customer_563,Consumer,Kolkata,West Bengal,East,Second Class,Home & Kitchen,Appliances,9279.97,5,0.3,46399.85,32479.89,-2752.11
IND-2025-1306,2025-02-26,Customer_788,Consumer,Hyderabad,Telangana,South,Second Class,Home & Kitchen,Home Decor,2279.69,5,0.3,11398.45,7978.91,-934.57
IND-2025-1307,2025-05-30,Customer_961,Small Business,Chennai,Tamil Nadu,South,First Class,Home & Kitchen,Cookware,3282.33,5,0.15,16411.65,13949.9,869.3
IND-2025-1308,2025-03-08,Customer_393,Small Business,Bhopal,Madhya Pradesh,Central,First Class,Electronics,Smartphones,11010.89,2,0.0,22021.78,22021.78,3823.43
IND-2025-1309,2024-05-29,Customer_675,Consumer,Indore,Madhya Pradesh,Central,Same Day,Electronics,Headphones,1452.8,5,0.0,7264.0,7264.0,1080.12
IND-2025-1310,2024-08-31,Customer_113,Small Business,Chennai,Tamil Nadu,South,First Class,Home & Kitchen,Cookware,3779.45,4,0.15,15117.8,12850.13,136.79
IND-2025-1311,2024-07-26,Customer_894,Small Business,Hyderabad,Telangana,South,Second Class,Grocery & Essentials,Packaged Food,920.34,6,0.3,5522.04,3865.43,-919.06
IND-2025-1312,2024-10-28,Customer_233,Consumer,Bengaluru,Karnataka,South,First Class,Fashion & Apparel,Men's Clothing,1048.74,2,0.3,2097.48,1468.24,-78.43
IND-2025-1313,2024-01-06,Customer_963,Small Business,Lucknow,Uttar Pradesh,North,First Class,Grocery & Essentials,Beverages,567.5,1,0.05,567.5,539.12,34.38
IND-2025-1314,2025-05-17,Customer_525,Small Business,Bhopal,Madhya Pradesh,Central,Same Day,Home & Kitchen,Cookware,3352.09,3,0.2,10056.27,8045.02,-652.75
IND-2025-1315,2024-04-04,Customer_674,Small Business,Lucknow,Uttar Pradesh,North,Standard Class,Fashion & Apparel,Women's Clothing,2922.67,3,0.1,8768.01,7891.21,2150.72
IND-2025-1316,2024-04-27,Customer_490,Consumer,Kolkata,West Bengal,East,Same Day,Home & Kitchen,Appliances,6605.22,6,0.2,39631.32,31705.06,-2689.1
IND-2025-1317,2024-09-19,Customer_297,Corporate,Chennai,Tamil Nadu,South,Standard Class,Home & Kitchen,Cookware,3734.01,3,0.2,11202.03,8961.62,-755.46
IND-2025-1318,2024-04-08,Customer_948,Small Business,Ahmedabad,Gujarat,West,Same Day,Electronics,Smartphones,18431.26,6,0.4,110587.56,66352.54,-22755.34
IND-2025-1319,2025-10-24,Customer_172,Small Business,Indore,Madhya Pradesh,Central,Second Class,Electronics,Laptops,31187.65,6,0.1,187125.9,168413.31,510.44
IND-2025-1320,2024-09-21,Customer_733,Consumer,Jaipur,Rajasthan,North,Standard Class,Grocery & Essentials,Personal Care,811.73,4,0.1,3246.92,2922.23,14.32
IND-2025-1321,2025-12-18,Customer_548,Corporate,Indore,Madhya Pradesh,Central,Same Day,Electronics,Headphones,3769.75,1,0.1,3769.75,3392.78,213.58
IND-2025-1322,2025-11-07,Customer_247,Corporate,Mumbai,Maharashtra,West,First Class,Grocery & Essentials,Packaged Food,580.12,2,0.3,1160.24,812.17,-172.82
IND-2025-1323,2024-01-12,Customer_859,Small Business,Chennai,Tamil Nadu,South,First Class,Fashion & Apparel,Men's Clothing,700.26,5,0.2,3501.3,2801.04,258.06
IND-2025-1324,2024-08-04,Customer_155,Small Business,Jaipur,Rajasthan,North,Same Day,Fashion & Apparel,Women's Clothing,1388.78,5,0.4,6943.9,4166.34,-886.62
IND-2025-1325,2025-10-22,Customer_787,Small Business,Chennai,Tamil Nadu,South,Second Class,Electronics,Headphones,2949.39,3,0.0,8848.17,8848.17,1201.52
IND-2025-1326,2024-04-12,Customer_473,Corporate,Noida,Uttar Pradesh,North,Same Day,Electronics,Laptops,45889.3,4,0.1,183557.2,165201.48,8145.65
IND-2025-1327,2024-06-21,Customer_439,Corporate,Mumbai,Maharashtra,West,Same Day,Home & Kitchen,Furniture,16784.9,6,0.3,100709.4,70496.58,-11509.75
IND-2025-1328,2025-04-01,Customer_651,Consumer,Lucknow,Uttar Pradesh,North,First Class,Home & Kitchen,Appliances,11275.08,2,0.3,22550.16,15785.11,-1552.74
IND-2025-1329,2025-10-03,Customer_137,Small Business,Pune,Maharashtra,West,First Class,Electronics,Smartphones,43983.49,6,0.0,263900.94,263900.94,48824.68
IND-2025-1330,2025-07-10,Customer_575,Small Business,Chennai,Tamil Nadu,South,Standard Class,Grocery & Essentials,Beverages,483.1,3,0.15,1449.3,1231.9,-98.1
IND-2025-1331,2025-02-10,Customer_679,Small Business,Lucknow,Uttar Pradesh,North,Second Class,Electronics,Laptops,72399.09,5,0.3,361995.45,253396.82,-57453.3
IND-2025-1332,2025-05-10,Customer_910,Corporate,Lucknow,Uttar Pradesh,North,Same Day,Electronics,Laptops,68073.62,2,0.0,136147.24,136147.24,19216.99
IND-2025-1333,2025-04-25,Customer_369,Small Business,Bengaluru,Karnataka,South,Second Class,Electronics,Smartphones,49223.59,3,0.0,147670.77,147670.77,26034.19
IND-2025-1334,2025-01-20,Customer_936,Corporate,Kolkata,West Bengal,East,Same Day,Grocery & Essentials,Personal Care,767.06,1,0.2,767.06,613.65,-80.75
IND-2025-1335,2025-05-08,Customer_716,Small Business,Hyderabad,Telangana,South,Standard Class,Electronics,Laptops,51994.94,2,0.0,103989.88,103989.88,16759.35
IND-2025-1336,2025-11-07,Customer_122,Consumer,Delhi,Delhi NCR,North,Standard Class,Grocery & Essentials,Personal Care,906.27,4,0.3,3625.08,2537.56,-562.49
IND-2025-1337,2024-05-10,Customer_515,Small Business,Hyderabad,Telangana,South,Standard Class,Fashion & Apparel,Women's Clothing,2814.53,1,0.2,2814.53,2251.62,78.7
IND-2025-1338,2025-11-08,Customer_913,Small Business,Indore,Madhya Pradesh,Central,Second Class,Home & Kitchen,Cookware,1649.78,5,0.15,8248.9,7011.56,546.53
IND-2025-1339,2025-09-30,Customer_116,Consumer,Kolkata,West Bengal,East,Same Day,Home & Kitchen,Furniture,15862.8,3,0.15,47588.4,40450.14,775.33
IND-2025-1340,2024-06-02,Customer_593,Small Business,Hyderabad,Telangana,South,Second Class,Electronics,Laptops,53793.46,5,0.2,268967.3,215173.84,-25148.89
IND-2025-1341,2025-09-09,Customer_908,Corporate,Chennai,Tamil Nadu,South,First Class,Electronics,Smartwatches,6176.35,3,0.4,18529.05,11117.43,-3963.64
IND-2025-1342,2025-08-26,Customer_518,Corporate,Bhopal,Madhya Pradesh,Central,Second Class,Electronics,Smartwatches,3071.06,4,0.4,12284.24,7370.54,-2516.29
IND-2025-1343,2024-01-06,Customer_536,Small Business,Patna,Bihar,East,First Class,Electronics,Smartphones,30790.47,4,0.3,123161.88,86213.32,-19274.41
IND-2025-1344,2024-09-24,Customer_283,Corporate,Indore,Madhya Pradesh,Central,Same Day,Grocery & Essentials,Beverages,270.13,3,0.3,810.39,567.27,-136.7
IND-2025-1345,2024-09-16,Customer_319,Small Business,Noida,Uttar Pradesh,North,Same Day,Home & Kitchen,Appliances,14036.74,6,0.0,84220.44,84220.44,20289.59
IND-2025-1346,2024-12-12,Customer_190,Consumer,Bhopal,Madhya Pradesh,Central,First Class,Electronics,Laptops,49455.18,6,0.0,296731.08,296731.08,54702.24
IND-2025-1347,2024-08-15,Customer_892,Consumer,Lucknow,Uttar Pradesh,North,Same Day,Electronics,Smartphones,38979.79,4,0.2,155919.16,124735.33,-8420.38
IND-2025-1348,2025-03-25,Customer_344,Small Business,Mumbai,Maharashtra,West,Standard Class,Fashion & Apparel,Footwear,1778.99,5,0.2,8894.95,7115.96,318.44
IND-2025-1349,2024-06-10,Customer_192,Small Business,Pune,Maharashtra,West,First Class,Home & Kitchen,Appliances,8296.91,4,0.15,33187.64,28209.49,1856.19
IND-2025-1350,2025-07-26,Customer_367,Consumer,Hyderabad,Telangana,South,Same Day,Home & Kitchen,Home Decor,2908.22,3,0.05,8724.66,8288.43,1747.72
IND-2025-1351,2025-06-02,Customer_356,Small Business,Pune,Maharashtra,West,Same Day,Electronics,Headphones,1887.89,1,0.4,1887.89,1132.73,-361.27
IND-2025-1352,2025-01-21,Customer_169,Corporate,Hyderabad,Telangana,South,Second Class,Grocery & Essentials,Packaged Food,781.73,4,0.3,3126.92,2188.84,-595.06
IND-2025-1353,2025-11-24,Customer_508,Small Business,Patna,Bihar,East,First Class,Fashion & Apparel,Footwear,2649.7,3,0.2,7949.1,6359.28,732.1
IND-2025-1354,2024-03-18,Customer_610,Small Business,Chennai,Tamil Nadu,South,Second Class,Fashion & Apparel,Ethnic Wear,3020.46,2,0.2,6040.92,4832.74,734.9
IND-2025-1355,2024-08-28,Customer_180,Small Business,Patna,Bihar,East,Same Day,Fashion & Apparel,Footwear,1827.11,2,0.4,3654.22,2192.53,-300.84
IND-2025-1356,2025-09-20,Customer_287,Small Business,Mumbai,Maharashtra,West,First Class,Electronics,Smartwatches,4969.57,3,0.15,14908.71,12672.4,150.16
IND-2025-1357,2025-02-11,Customer_894,Consumer,Delhi,Delhi NCR,North,Same Day,Fashion & Apparel,Men's Clothing,1861.77,4,0.15,7447.08,6330.02,474.02
IND-2025-1358,2024-05-03,Customer_365,Consumer,Patna,Bihar,East,First Class,Grocery & Essentials,Personal Care,873.67,1,0.3,873.67,611.57,-145.01
IND-2025-1359,2024-08-30,Customer_510,Corporate,Noida,Uttar Pradesh,North,Same Day,Grocery & Essentials,Beverages,258.41,2,0.15,516.82,439.3,-32.7
IND-2025-1360,2024-07-03,Customer_919,Small Business,Hyderabad,Telangana,South,Second Class,Fashion & Apparel,Women's Clothing,3405.41,6,0.1,20432.46,18389.21,3922.44
IND-2025-1361,2025-04-29,Customer_356,Small Business,Bhopal,Madhya Pradesh,Central,Standard Class,Electronics,Laptops,51076.03,2,0.4,102152.06,61291.24,-18972.57
IND-2025-1362,2025-02-11,Customer_468,Small Business,Pune,Maharashtra,West,First Class,Fashion & Apparel,Men's Clothing,1117.12,3,0.15,3351.36,2848.66,240.56
IND-2025-1363,2024-12-18,Customer_899,Corporate,Mumbai,Maharashtra,West,First Class,Grocery & Essentials,Packaged Food,415.98,6,0.2,2495.88,1996.7,-295.08
IND-2025-1364,2024-11-28,Customer_755,Corporate,Kolkata,West Bengal,East,Same Day,Grocery & Essentials,Beverages,312.4,1,0.15,312.4,265.54,-10.42
IND-2025-1365,2025-10-08,Customer_504,Corporate,Hyderabad,Telangana,South,Same Day,Grocery & Essentials,Packaged Food,171.2,3,0.05,513.6,487.92,30.43
IND-2025-1366,2025-01-06,Customer_181,Consumer,Patna,Bihar,East,Second Class,Grocery & Essentials,Personal Care,325.68,1,0.05,325.68,309.4,21.36
IND-2025-1367,2025-02-10,Customer_206,Corporate,Pune,Maharashtra,West,Second Class,Electronics,Smartphones,47471.75,4,0.2,189887.0,151909.6,-17575.02
IND-2025-1368,2024-03-27,Customer_135,Small Business,Kolkata,West Bengal,East,First Class,Grocery & Essentials,Personal Care,390.82,6,0.1,2344.92,2110.43,-59.21
IND-2025-1369,2024-11-29,Customer_705,Small Business,Indore,Madhya Pradesh,Central,Same Day,Grocery & Essentials,Personal Care,1173.73,5,0.1,5868.65,5281.78,-11.88
IND-2025-1370,2025-10-08,Customer_415,Corporate,Patna,Bihar,East,Same Day,Grocery & Essentials,Beverages,412.69,5,0.1,2063.45,1857.1,-62.64
IND-2025-1371,2024-09-23,Customer_873,Corporate,Ahmedabad,Gujarat,West,First Class,Home & Kitchen,Cookware,1000.28,2,0.1,2000.56,1800.5,215.0
IND-2025-1372,2024-01-10,Customer_267,Small Business,Bhopal,Madhya Pradesh,Central,Same Day,Grocery & Essentials,Personal Care,776.85,1,0.2,776.85,621.48,-82.26
IND-2025-1373,2025-01-22,Customer_391,Small Business,Delhi,Delhi NCR,North,First Class,Home & Kitchen,Cookware,2266.72,2,0.2,4533.44,3626.75,54.35
IND-2025-1374,2025-02-26,Customer_428,Consumer,Delhi,Delhi NCR,North,Second Class,Electronics,Laptops,36831.2,1,0.3,36831.2,25781.84,-5248.48
IND-2025-1375,2024-02-20,Customer_115,Corporate,Chennai,Tamil Nadu,South,Second Class,Electronics,Laptops,78616.63,3,0.1,235849.89,212264.9,2123.31
IND-2025-1376,2024-12-16,Customer_157,Corporate,Jaipur,Rajasthan,North,Same Day,Home & Kitchen,Appliances,17969.45,4,0.3,71877.8,50314.46,-5048.5
IND-2025-1377,2024-03-14,Customer_494,Corporate,Chennai,Tamil Nadu,South,Second Class,Grocery & Essentials,Packaged Food,272.97,3,0.4,818.91,491.35,-171.96
IND-2025-1378,2024-02-04,Customer_430,Consumer,Delhi,Delhi NCR,North,Standard Class,Grocery & Essentials,Beverages,480.92,5,0.3,2404.6,1683.22,-434.53
IND-2025-1379,2025-07-16,Customer_341,Small Business,Chennai,Tamil Nadu,South,Same Day,Electronics,Headphones,2339.93,3,0.05,7019.79,6668.8,592.42
IND-2025-1380,2024-11-28,Customer_804,Small Business,Mumbai,Maharashtra,West,Second Class,Fashion & Apparel,Footwear,3338.79,4,0.4,13355.16,8013.1,-678.51
IND-2025-1381,2025-01-15,Customer_161,Corporate,Bhopal,Madhya Pradesh,Central,Second Class,Electronics,Laptops,37884.92,1,0.3,37884.92,26519.44,-5052.18
IND-2025-1382,2025-12-19,Customer_297,Consumer,Chennai,Tamil Nadu,South,Same Day,Electronics,Laptops,54392.14,3,0.2,163176.42,130541.14,-7429.76
IND-2025-1383,2025-01-01,Customer_291,Small Business,Patna,Bihar,East,First Class,Fashion & Apparel,Footwear,4594.65,4,0.3,18378.6,12865.02,-846.43
IND-2025-1384,2024-11-27,Customer_369,Small Business,Patna,Bihar,East,First Class,Grocery & Essentials,Personal Care,1061.04,5,0.4,5305.2,3183.12,-1207.37
IND-2025-1385,2025-04-09,Customer_774,Small Business,Mumbai,Maharashtra,West,Same Day,Grocery & Essentials,Beverages,176.48,1,0.2,176.48,141.18,-15.46
IND-2025-1386,2024-07-13,Customer_144,Consumer,Chennai,Tamil Nadu,South,Second Class,Grocery & Essentials,Beverages,160.15,3,0.1,480.45,432.4,2.65
IND-2025-1387,2024-02-02,Customer_704,Corporate,Delhi,Delhi NCR,North,Standard Class,Electronics,Smartwatches,3532.93,1,0.2,3532.93,2826.34,-194.06
IND-2025-1388,2025-01-10,Customer_162,Corporate,Delhi,Delhi NCR,North,Same Day,Electronics,Smartphones,47208.44,2,0.3,94416.88,66091.82,-13263.81
IND-2025-1389,2025-01-12,Customer_203,Small Business,Bhopal,Madhya Pradesh,Central,Second Class,Electronics,Headphones,2492.87,6,0.0,14957.22,14957.22,2793.36
IND-2025-1390,2025-06-28,Customer_208,Small Business,Jaipur,Rajasthan,North,First Class,Fashion & Apparel,Women's Clothing,2483.81,2,0.2,4967.62,3974.1,146.38
IND-2025-1391,2025-11-21,Customer_553,Corporate,Bengaluru,Karnataka,South,First Class,Grocery & Essentials,Packaged Food,250.13,2,0.2,500.26,400.21,-36.06
IND-2025-1392,2025-07-17,Customer_884,Small Business,Lucknow,Uttar Pradesh,North,First Class,Home & Kitchen,Appliances,14462.77,4,0.4,57851.08,34710.65,-8913.39
IND-2025-1393,2025-01-03,Customer_407,Consumer,Bengaluru,Karnataka,South,Second Class,Grocery & Essentials,Personal Care,150.21,1,0.1,150.21,135.19,-2.55
IND-2025-1394,2024-11-18,Customer_362,Corporate,Mumbai,Maharashtra,West,Standard Class,Home & Kitchen,Furniture,6414.31,4,0.1,25657.24,23091.52,3363.31
IND-2025-1395,2025-08-07,Customer_197,Small Business,Jaipur,Rajasthan,North,First Class,Fashion & Apparel,Men's Clothing,2336.59,4,0.05,9346.36,8879.04,2884.39
IND-2025-1396,2024-02-08,Customer_888,Consumer,Patna,Bihar,East,Standard Class,Grocery & Essentials,Packaged Food,802.11,3,0.1,2406.33,2165.7,-68.35
IND-2025-1397,2025-10-11,Customer_151,Small Business,Bhopal,Madhya Pradesh,Central,Same Day,Grocery & Essentials,Packaged Food,374.31,1,0.1,374.31,336.88,-8.27
IND-2025-1398,2025-04-01,Customer_508,Corporate,Bhopal,Madhya Pradesh,Central,Standard Class,Electronics,Laptops,51596.78,4,0.05,206387.12,196067.76,13837.51
IND-2025-1399,2025-02-12,Customer_730,Small Business,Chennai,Tamil Nadu,South,Second Class,Grocery & Essentials,Beverages,147.8,2,0.15,295.6,251.26,-21.68
IND-2025-1400,2024-09-05,Customer_452,Small Business,Pune,Maharashtra,West,Standard Class,Home & Kitchen,Appliances,7851.17,5,0.0,39255.85,39255.85,7752.43
IND-2025-1401,2024-11-08,Customer_845,Consumer,Ahmedabad,Gujarat,West,Standard Class,Home & Kitchen,Appliances,12347.73,4,0.0,49390.92,49390.92,11809.21
IND-2025-1402,2024-02-25,Customer_650,Consumer,Delhi,Delhi NCR,North,Second Class,Fashion & Apparel,Footwear,1054.93,6,0.4,6329.58,3797.75,-617.1
IND-2025-1403,2025-07-13,Customer_144,Corporate,Chennai,Tamil Nadu,South,Second Class,Home & Kitchen,Appliances,12345.63,2,0.3,24691.26,17283.88,-2319.66
IND-2025-1404,2024-03-02,Customer_468,Consumer,Noida,Uttar Pradesh,North,Standard Class,Fashion & Apparel,Footwear,1212.34,6,0.0,7274.04,7274.04,2539.05
IND-2025-1405,2024-10-26,Customer_290,Consumer,Indore,Madhya Pradesh,Central,Same Day,Grocery & Essentials,Packaged Food,981.81,5,0.3,4909.05,3436.34,-834.31
IND-2025-1406,2025-07-28,Customer_460,Corporate,Patna,Bihar,East,First Class,Electronics,Smartphones,19895.69,5,0.1,99478.45,89530.6,2389.18
IND-2025-1407,2024-08-29,Customer_449,Corporate,Chennai,Tamil Nadu,South,Second Class,Home & Kitchen,Cookware,2877.38,4,0.4,11509.52,6905.71,-1426.82
IND-2025-1408,2024-03-30,Customer_419,Small Business,Patna,Bihar,East,First Class,Grocery & Essentials,Beverages,579.51,5,0.4,2897.55,1738.53,-676.82
IND-2025-1409,2025-04-04,Customer_636,Consumer,Chennai,Tamil Nadu,South,Same Day,Fashion & Apparel,Women's Clothing,2887.91,5,0.2,14439.55,11551.64,466.07
IND-2025-1410,2024-05-28,Customer_883,Corporate,Kolkata,West Bengal,East,Same Day,Fashion & Apparel,Footwear,1271.26,5,0.3,6356.3,4449.41,-277.47
IND-2025-1411,2025-02-25,Customer_880,Small Business,Noida,Uttar Pradesh,North,First Class,Grocery & Essentials,Beverages,565.56,6,0.3,3393.36,2375.35,-634.38
IND-2025-1412,2025-09-12,Customer_580,Small Business,Hyderabad,Telangana,South,First Class,Fashion & Apparel,Women's Clothing,1538.92,1,0.1,1538.92,1385.03,342.07
IND-2025-1413,2024-07-07,Customer_522,Consumer,Indore,Madhya Pradesh,Central,Second Class,Grocery & Essentials,Personal Care,647.54,2,0.05,1295.08,1230.33,104.31
IND-2025-1414,2024-07-28,Customer_142,Small Business,Pune,Maharashtra,West,Same Day,Fashion & Apparel,Ethnic Wear,6229.35,4,0.3,24917.4,17442.18,-721.55
IND-2025-1415,2024-11-16,Customer_628,Small Business,Jaipur,Rajasthan,North,Standard Class,Electronics,Smartphones,28064.38,1,0.05,28064.38,26661.16,2706.01
IND-2025-1416,2024-07-13,Customer_245,Corporate,Noida,Uttar Pradesh,North,Same Day,Grocery & Essentials,Personal Care,1078.62,3,0.15,3235.86,2750.48,-142.21
IND-2025-1417,2024-04-02,Customer_704,Small Business,Patna,Bihar,East,Second Class,Electronics,Laptops,68936.56,6,0.2,413619.36,330895.49,-36125.67
IND-2025-1418,2025-04-10,Customer_749,Corporate,Pune,Maharashtra,West,Standard Class,Home & Kitchen,Home Decor,2229.29,6,0.4,13375.74,8025.44,-2553.25
IND-2025-1419,2025-06-20,Customer_443,Small Business,Patna,Bihar,East,Second Class,Grocery & Essentials,Beverages,491.35,5,0.2,2456.75,1965.4,-208.77
IND-2025-1420,2024-06-15,Customer_285,Consumer,Indore,Madhya Pradesh,Central,Second Class,Fashion & Apparel,Women's Clothing,3261.3,1,0.15,3261.3,2772.11,497.66
IND-2025-1421,2024-07-26,Customer_775,Corporate,Mumbai,Maharashtra,West,Same Day,Home & Kitchen,Cookware,2375.93,4,0.2,9503.72,7602.98,-196.53
IND-2025-1422,2025-02-23,Customer_251,Consumer,Bengaluru,Karnataka,South,First Class,Electronics,Smartphones,19788.53,5,0.1,98942.65,89048.38,4415.13
IND-2025-1423,2024-02-07,Customer_776,Small Business,Ahmedabad,Gujarat,West,Second Class,Electronics,Headphones,1859.56,1,0.0,1859.56,1859.56,239.35
IND-2025-1424,2025-04-11,Customer_663,Consumer,Patna,Bihar,East,First Class,Home & Kitchen,Cookware,1279.38,3,0.1,3838.14,3454.33,134.02
IND-2025-1425,2025-04-27,Customer_744,Small Business,Ahmedabad,Gujarat,West,Standard Class,Electronics,Headphones,1853.47,4,0.2,7413.88,5931.1,-612.16
IND-2025-1426,2025-05-10,Customer_676,Corporate,Patna,Bihar,East,Same Day,Home & Kitchen,Appliances,12132.67,3,0.1,36398.01,32758.21,2489.65
IND-2025-1427,2025-05-19,Customer_312,Small Business,Bhopal,Madhya Pradesh,Central,Same Day,Fashion & Apparel,Women's Clothing,3067.48,2,0.0,6134.96,6134.96,1961.55
IND-2025-1428,2025-02-27,Customer_415,Corporate,Mumbai,Maharashtra,West,First Class,Home & Kitchen,Home Decor,1901.04,6,0.05,11406.24,10835.93,1371.95
IND-2025-1429,2024-01-07,Customer_788,Corporate,Pune,Maharashtra,West,Same Day,Home & Kitchen,Home Decor,1490.12,5,0.2,7450.6,5960.48,-386.11
IND-2025-1430,2024-02-06,Customer_860,Consumer,Kolkata,West Bengal,East,First Class,Fashion & Apparel,Ethnic Wear,2101.24,4,0.4,8404.96,5042.98,-906.39
IND-2025-1431,2025-08-01,Customer_387,Consumer,Patna,Bihar,East,First Class,Home & Kitchen,Cookware,1624.79,6,0.1,9748.74,8773.87,666.53
IND-2025-1432,2025-01-19,Customer_378,Corporate,Kolkata,West Bengal,East,Standard Class,Fashion & Apparel,Ethnic Wear,2286.8,1,0.4,2286.8,1372.08,-252.13
IND-2025-1433,2025-05-23,Customer_306,Consumer,Delhi,Delhi NCR,North,Same Day,Home & Kitchen,Appliances,15441.86,3,0.05,46325.58,44009.3,6101.8
IND-2025-1434,2025-06-02,Customer_992,Consumer,Mumbai,Maharashtra,West,Second Class,Grocery & Essentials,Beverages,160.12,3,0.15,480.36,408.31,-36.74
IND-2025-1435,2024-07-29,Customer_189,Corporate,Patna,Bihar,East,Same Day,Electronics,Smartwatches,5100.71,5,0.0,25503.55,25503.55,3068.81
IND-2025-1436,2024-02-17,Customer_426,Corporate,Pune,Maharashtra,West,Standard Class,Home & Kitchen,Cookware,2732.68,3,0.3,8198.04,5738.63,-1061.47
IND-2025-1437,2024-10-06,Customer_244,Small Business,Ahmedabad,Gujarat,West,First Class,Fashion & Apparel,Footwear,1457.84,5,0.2,7289.2,5831.36,239.01
IND-2025-1438,2025-08-10,Customer_208,Corporate,Delhi,Delhi NCR,North,Standard Class,Fashion & Apparel,Men's Clothing,1347.31,3,0.2,4041.93,3233.54,95.43
IND-2025-1439,2024-03-29,Customer_937,Consumer,Jaipur,Rajasthan,North,Standard Class,Grocery & Essentials,Packaged Food,734.21,5,0.3,3671.05,2569.74,-663.32
IND-2025-1440,2025-04-21,Customer_581,Consumer,Hyderabad,Telangana,South,Second Class,Fashion & Apparel,Men's Clothing,2550.84,6,0.15,15305.04,13009.28,1516.35
IND-2025-1441,2024-05-27,Customer_166,Corporate,Indore,Madhya Pradesh,Central,Standard Class,Home & Kitchen,Home Decor,1480.19,6,0.3,8881.14,6216.8,-1043.06
IND-2025-1442,2024-12-25,Customer_209,Corporate,Bengaluru,Karnataka,South,Standard Class,Grocery & Essentials,Packaged Food,354.03,3,0.2,1062.09,849.67,-93.46
IND-2025-1443,2024-11-05,Customer_313,Small Business,Chennai,Tamil Nadu,South,Same Day,Grocery & Essentials,Personal Care,770.06,2,0.2,1540.12,1232.1,-191.44
IND-2025-1444,2025-03-21,Customer_710,Corporate,Hyderabad,Telangana,South,First Class,Home & Kitchen,Furniture,7596.28,6,0.0,45577.68,45577.68,11794.47
IND-2025-1445,2025-07-22,Customer_435,Corporate,Pune,Maharashtra,West,Standard Class,Grocery & Essentials,Packaged Food,377.23,4,0.0,1508.92,1508.92,207.31
IND-2025-1446,2024-04-02,Customer_310,Small Business,Delhi,Delhi NCR,North,First Class,Fashion & Apparel,Men's Clothing,2416.99,6,0.05,14501.94,13776.84,3220.0
IND-2025-1447,2024-11-02,Customer_972,Corporate,Hyderabad,Telangana,South,Standard Class,Home & Kitchen,Appliances,13766.87,3,0.0,41300.61,41300.61,8935.6
IND-2025-1448,2025-01-13,Customer_503,Small Business,Chennai,Tamil Nadu,South,First Class,Electronics,Smartphones,38134.16,3,0.0,114402.48,114402.48,21610.61
IND-2025-1449,2025-12-29,Customer_468,Corporate,Jaipur,Rajasthan,North,Second Class,Grocery & Essentials,Personal Care,606.95,2,0.3,1213.9,849.73,-187.76
IND-2025-1450,2024-10-22,Customer_239,Consumer,Indore,Madhya Pradesh,Central,Second Class,Fashion & Apparel,Women's Clothing,837.13,6,0.0,5022.78,5022.78,1922.39
IND-2025-1451,2025-10-19,Customer_939,Corporate,Bhopal,Madhya Pradesh,Central,Same Day,Grocery & Essentials,Personal Care,1088.26,6,0.2,6529.56,5223.65,-680.7
IND-2025-1452,2024-12-29,Customer_659,Small Business,Delhi,Delhi NCR,North,First Class,Fashion & Apparel,Ethnic Wear,4706.52,5,0.15,23532.6,20002.71,2110.54
IND-2025-1453,2024-02-04,Customer_979,Corporate,Mumbai,Maharashtra,West,Same Day,Grocery & Essentials,Beverages,271.66,5,0.15,1358.3,1154.55,-72.91
IND-2025-1454,2025-06-13,Customer_419,Small Business,Pune,Maharashtra,West,Standard Class,Electronics,Laptops,53622.58,6,0.3,321735.48,225214.84,-36747.66
IND-2025-1455,2024-12-17,Customer_396,Consumer,Chennai,Tamil Nadu,South,Standard Class,Electronics,Smartwatches,5632.28,4,0.2,22529.12,18023.3,-1104.74
IND-2025-1456,2025-12-12,Customer_739,Consumer,Hyderabad,Telangana,South,First Class,Home & Kitchen,Home Decor,653.54,4,0.2,2614.16,2091.33,81.03
IND-2025-1457,2025-05-11,Customer_214,Small Business,Pune,Maharashtra,West,Second Class,Fashion & Apparel,Men's Clothing,2643.47,3,0.1,7930.41,7137.37,1228.67
IND-2025-1458,2025-08-28,Customer_133,Corporate,Patna,Bihar,East,Standard Class,Fashion & Apparel,Ethnic Wear,3344.65,2,0.1,6689.3,6020.37,995.95
IND-2025-1459,2024-05-28,Customer_691,Small Business,Hyderabad,Telangana,South,First Class,Fashion & Apparel,Ethnic Wear,5566.02,4,0.4,22264.08,13358.45,-1748.62
IND-2025-1460,2024-02-25,Customer_339,Corporate,Kolkata,West Bengal,East,Same Day,Home & Kitchen,Cookware,1157.57,4,0.15,4630.28,3935.74,367.1
IND-2025-1461,2025-04-30,Customer_644,Small Business,Noida,Uttar Pradesh,North,First Class,Fashion & Apparel,Ethnic Wear,1268.81,4,0.15,5075.24,4313.95,924.33
IND-2025-1462,2025-03-18,Customer_851,Small Business,Hyderabad,Telangana,South,Second Class,Home & Kitchen,Home Decor,1175.82,1,0.1,1175.82,1058.24,138.11
IND-2025-1463,2025-06-16,Customer_556,Corporate,Lucknow,Uttar Pradesh,North,Second Class,Fashion & Apparel,Footwear,3190.45,6,0.0,19142.7,19142.7,4820.02
IND-2025-1464,2024-10-17,Customer_753,Consumer,Noida,Uttar Pradesh,North,Standard Class,Fashion & Apparel,Men's Clothing,656.88,1,0.0,656.88,656.88,228.92
IND-2025-1465,2024-03-29,Customer_401,Corporate,Indore,Madhya Pradesh,Central,Standard Class,Fashion & Apparel,Ethnic Wear,5007.09,6,0.2,30042.54,24034.03,906.45
IND-2025-1466,2025-10-16,Customer_163,Corporate,Bengaluru,Karnataka,South,Same Day,Home & Kitchen,Appliances,13383.32,6,0.4,80299.92,48179.95,-11009.36
IND-2025-1467,2024-12-06,Customer_211,Consumer,Mumbai,Maharashtra,West,Same Day,Home & Kitchen,Home Decor,944.82,1,0.15,944.82,803.1,16.9
IND-2025-1468,2024-08-11,Customer_609,Consumer,Hyderabad,Telangana,South,Standard Class,Electronics,Smartwatches,7723.2,1,0.0,7723.2,7723.2,971.84
IND-2025-1469,2024-02-08,Customer_546,Corporate,Kolkata,West Bengal,East,Standard Class,Grocery & Essentials,Personal Care,309.19,3,0.15,927.57,788.43,-51.76
IND-2025-1470,2025-07-07,Customer_510,Consumer,Delhi,Delhi NCR,North,Standard Class,Electronics,Smartwatches,9633.24,4,0.0,38532.96,38532.96,6372.56
IND-2025-1471,2025-01-09,Customer_406,Small Business,Chennai,Tamil Nadu,South,Same Day,Home & Kitchen,Cookware,3523.54,3,0.3,10570.62,7399.43,-623.2
IND-2025-1472,2024-04-19,Customer_707,Consumer,Kolkata,West Bengal,East,Same Day,Home & Kitchen,Appliances,4272.94,6,0.15,25637.64,21791.99,-106.74
IND-2025-1473,2025-02-02,Customer_221,Consumer,Pune,Maharashtra,West,Same Day,Home & Kitchen,Appliances,11009.1,4,0.0,44036.4,44036.4,11115.28
IND-2025-1474,2025-11-25,Customer_146,Consumer,Indore,Madhya Pradesh,Central,Second Class,Fashion & Apparel,Women's Clothing,3759.41,1,0.3,3759.41,2631.59,-31.38
IND-2025-1475,2024-01-15,Customer_216,Corporate,Ahmedabad,Gujarat,West,Second Class,Electronics,Headphones,3426.37,1,0.15,3426.37,2912.41,-32.33
IND-2025-1476,2024-03-05,Customer_429,Consumer,Bhopal,Madhya Pradesh,Central,Standard Class,Fashion & Apparel,Ethnic Wear,3156.59,6,0.3,18939.54,13257.68,-1218.11
IND-2025-1477,2025-08-30,Customer_695,Consumer,Ahmedabad,Gujarat,West,Second Class,Home & Kitchen,Cookware,1362.24,2,0.4,2724.48,1634.69,-421.84
IND-2025-1478,2024-04-12,Customer_390,Corporate,Bhopal,Madhya Pradesh,Central,Same Day,Grocery & Essentials,Packaged Food,114.07,4,0.0,456.28,456.28,57.32
IND-2025-1479,2025-12-09,Customer_284,Small Business,Ahmedabad,Gujarat,West,Same Day,Fashion & Apparel,Women's Clothing,2847.44,5,0.15,14237.2,12101.62,2549.97
IND-2025-1480,2025-09-18,Customer_983,Small Business,Pune,Maharashtra,West,Second Class,Home & Kitchen,Home Decor,1546.96,5,0.05,7734.8,7348.06,1594.4
IND-2025-1481,2025-04-20,Customer_263,Small Business,Bhopal,Madhya Pradesh,Central,Standard Class,Fashion & Apparel,Footwear,1212.28,1,0.4,1212.28,727.37,-75.23
IND-2025-1482,2024-02-25,Customer_153,Small Business,Kolkata,West Bengal,East,Second Class,Home & Kitchen,Home Decor,1023.97,3,0.1,3071.91,2764.72,245.81
IND-2025-1483,2024-06-10,Customer_793,Corporate,Bhopal,Madhya Pradesh,Central,Second Class,Electronics,Smartwatches,6119.23,1,0.05,6119.23,5813.27,684.29
IND-2025-1484,2024-04-22,Customer_155,Corporate,Lucknow,Uttar Pradesh,North,Second Class,Fashion & Apparel,Men's Clothing,1169.08,4,0.4,4676.32,2805.79,-270.18
IND-2025-1485,2024-08-09,Customer_230,Consumer,Hyderabad,Telangana,South,Standard Class,Grocery & Essentials,Packaged Food,448.6,2,0.15,897.2,762.62,-65.47
IND-2025-1486,2024-10-14,Customer_753,Small Business,Ahmedabad,Gujarat,West,Second Class,Electronics,Smartwatches,5668.63,2,0.4,11337.26,6802.36,-2261.88
IND-2025-1487,2025-08-14,Customer_114,Small Business,Chennai,Tamil Nadu,South,Same Day,Fashion & Apparel,Men's Clothing,1588.07,5,0.15,7940.35,6749.3,691.58
IND-2025-1488,2024-09-09,Customer_581,Small Business,Delhi,Delhi NCR,North,Standard Class,Home & Kitchen,Appliances,11692.01,5,0.05,58460.05,55537.05,8014.57
IND-2025-1489,2025-03-11,Customer_809,Small Business,Chennai,Tamil Nadu,South,Same Day,Grocery & Essentials,Personal Care,1000.2,6,0.4,6001.2,3600.72,-1250.47
IND-2025-1490,2024-08-11,Customer_865,Small Business,Ahmedabad,Gujarat,West,Standard Class,Home & Kitchen,Home Decor,1097.66,1,0.0,1097.66,1097.66,265.01
IND-2025-1491,2025-04-10,Customer_807,Corporate,Bengaluru,Karnataka,South,Standard Class,Fashion & Apparel,Ethnic Wear,2272.69,3,0.3,6818.07,4772.65,-71.54
IND-2025-1492,2024-10-30,Customer_790,Corporate,Jaipur,Rajasthan,North,Standard Class,Home & Kitchen,Furniture,16815.38,1,0.2,16815.38,13452.3,-1114.85
IND-2025-1493,2024-04-23,Customer_309,Consumer,Jaipur,Rajasthan,North,First Class,Home & Kitchen,Appliances,12287.0,3,0.1,36861.0,33174.9,1284.23
IND-2025-1494,2024-09-01,Customer_461,Corporate,Chennai,Tamil Nadu,South,Same Day,Electronics,Smartwatches,7899.04,5,0.4,39495.2,23697.12,-6712.72
IND-2025-1495,2024-10-10,Customer_645,Corporate,Mumbai,Maharashtra,West,Same Day,Electronics,Headphones,1904.73,4,0.2,7618.92,6095.14,-474.6
IND-2025-1496,2025-09-27,Customer_211,Consumer,Lucknow,Uttar Pradesh,North,First Class,Electronics,Laptops,74595.16,4,0.0,298380.64,298380.64,37719.38
IND-2025-1497,2024-04-24,Customer_235,Corporate,Patna,Bihar,East,First Class,Fashion & Apparel,Ethnic Wear,2072.89,2,0.2,4145.78,3316.62,44.45
IND-2025-1498,2025-03-06,Customer_692,Corporate,Bengaluru,Karnataka,South,First Class,Electronics,Headphones,1404.99,1,0.4,1404.99,842.99,-249.39
IND-2025-1499,2025-05-12,Customer_395,Consumer,Hyderabad,Telangana,South,Second Class,Grocery & Essentials,Personal Care,469.29,2,0.4,938.58,563.15,-210.6
IND-2025-1500,2024-12-27,Customer_782,Consumer,Noida,Uttar Pradesh,North,Second Class,Grocery & Essentials,Packaged Food,656.77,2,0.3,1313.54,919.48,-211.88
IND-2025-1501,2024-08-31,Customer_452,Consumer,Pune,Maharashtra,West,First Class,Electronics,Headphones,2638.48,4,0.1,10553.92,9498.53,280.91
IND-2025-1502,2025-04-04,Customer_259,Consumer,Chennai,Tamil Nadu,South,First Class,Fashion & Apparel,Footwear,1485.96,1,0.15,1485.96,1263.07,234.02
IND-2025-1503,2025-10-24,Customer_805,Consumer,Patna,Bihar,East,Same Day,Home & Kitchen,Appliances,16439.66,5,0.3,82198.3,57538.81,-5299.64
IND-2025-1504,2024-02-11,Customer_299,Small Business,Ahmedabad,Gujarat,West,Second Class,Electronics,Headphones,879.35,5,0.4,4396.75,2638.05,-903.19
IND-2025-1505,2024-10-11,Customer_425,Small Business,Delhi,Delhi NCR,North,Standard Class,Electronics,Smartphones,31536.49,4,0.3,126145.96,88302.17,-16448.52
IND-2025-1506,2025-11-13,Customer_556,Small Business,Lucknow,Uttar Pradesh,North,Standard Class,Grocery & Essentials,Packaged Food,744.37,4,0.1,2977.48,2679.73,-49.4
IND-2025-1507,2024-08-08,Customer_524,Consumer,Patna,Bihar,East,Standard Class,Grocery & Essentials,Beverages,596.15,4,0.1,2384.6,2146.14,23.61
IND-2025-1508,2024-05-27,Customer_519,Small Business,Delhi,Delhi NCR,North,First Class,Home & Kitchen,Appliances,17825.74,5,0.1,89128.7,80215.83,10291.28
IND-2025-1509,2025-02-28,Customer_946,Corporate,Ahmedabad,Gujarat,West,First Class,Grocery & Essentials,Beverages,375.32,2,0.05,750.64,713.11,16.37
IND-2025-1510,2025-05-20,Customer_769,Small Business,Chennai,Tamil Nadu,South,First Class,Grocery & Essentials,Packaged Food,124.16,1,0.05,124.16,117.95,6.26
IND-2025-1511,2025-03-03,Customer_470,Small Business,Ahmedabad,Gujarat,West,Same Day,Grocery & Essentials,Beverages,415.29,1,0.0,415.29,415.29,50.63
IND-2025-1512,2025-08-02,Customer_159,Consumer,Jaipur,Rajasthan,North,First Class,Home & Kitchen,Appliances,17613.88,1,0.1,17613.88,15852.49,2217.55
IND-2025-1513,2025-04-17,Customer_642,Small Business,Patna,Bihar,East,Standard Class,Fashion & Apparel,Footwear,1653.24,3,0.1,4959.72,4463.75,1191.0
IND-2025-1514,2025-06-10,Customer_377,Small Business,Delhi,Delhi NCR,North,First Class,Fashion & Apparel,Men's Clothing,2037.03,2,0.2,4074.06,3259.25,187.18
IND-2025-1515,2024-04-08,Customer_204,Consumer,Chennai,Tamil Nadu,South,Second Class,Home & Kitchen,Furniture,5193.46,5,0.1,25967.3,23370.57,1735.05
IND-2025-1516,2025-05-30,Customer_471,Consumer,Delhi,Delhi NCR,North,Same Day,Fashion & Apparel,Men's Clothing,1601.63,1,0.0,1601.63,1601.63,622.25
IND-2025-1517,2025-09-03,Customer_332,Corporate,Chennai,Tamil Nadu,South,Second Class,Home & Kitchen,Furniture,15648.42,1,0.3,15648.42,10953.89,-1080.21
IND-2025-1518,2024-08-02,Customer_133,Small Business,Ahmedabad,Gujarat,West,Standard Class,Electronics,Smartwatches,7526.55,1,0.0,7526.55,7526.55,914.51
IND-2025-1519,2025-04-25,Customer_304,Consumer,Pune,Maharashtra,West,First Class,Home & Kitchen,Cookware,1198.74,6,0.0,7192.44,7192.44,1939.17
IND-2025-1520,2024-01-30,Customer_683,Consumer,Pune,Maharashtra,West,Standard Class,Fashion & Apparel,Footwear,4795.17,3,0.1,14385.51,12946.96,2655.36
IND-2025-1521,2025-08-15,Customer_319,Small Business,Bhopal,Madhya Pradesh,Central,Same Day,Electronics,Laptops,65790.58,3,0.05,197371.74,187503.15,24775.32
IND-2025-1522,2025-01-10,Customer_517,Consumer,Patna,Bihar,East,First Class,Fashion & Apparel,Ethnic Wear,5106.45,1,0.05,5106.45,4851.13,1635.78
IND-2025-1523,2024-05-06,Customer_494,Corporate,Bengaluru,Karnataka,South,Same Day,Electronics,Laptops,54790.8,3,0.3,164372.4,115060.68,-24961.07
IND-2025-1524,2025-09-06,Customer_921,Corporate,Patna,Bihar,East,First Class,Home & Kitchen,Appliances,6388.1,4,0.1,25552.4,22997.16,3251.35
IND-2025-1525,2024-07-02,Customer_704,Consumer,Mumbai,Maharashtra,West,Second Class,Grocery & Essentials,Beverages,134.69,4,0.2,538.76,431.01,-56.87
IND-2025-1526,2024-03-07,Customer_884,Small Business,Lucknow,Uttar Pradesh,North,First Class,Fashion & Apparel,Footwear,1801.05,4,0.0,7204.2,7204.2,2260.0
IND-2025-1527,2025-10-21,Customer_601,Corporate,Jaipur,Rajasthan,North,Second Class,Home & Kitchen,Appliances,13000.16,4,0.15,52000.64,44200.54,1286.35
IND-2025-1528,2025-10-05,Customer_256,Corporate,Ahmedabad,Gujarat,West,Standard Class,Electronics,Smartphones,39511.93,1,0.15,39511.93,33585.14,-193.16
IND-2025-1529,2024-03-19,Customer_659,Consumer,Kolkata,West Bengal,East,Standard Class,Grocery & Essentials,Personal Care,362.03,6,0.15,2172.18,1846.35,-73.53
IND-2025-1530,2025-03-16,Customer_410,Small Business,Pune,Maharashtra,West,Second Class,Grocery & Essentials,Personal Care,480.29,4,0.15,1921.16,1632.99,-64.95
IND-2025-1531,2025-05-18,Customer_685,Corporate,Jaipur,Rajasthan,North,Same Day,Fashion & Apparel,Footwear,3862.89,4,0.4,15451.56,9270.94,-1193.6
IND-2025-1532,2025-07-29,Customer_428,Consumer,Indore,Madhya Pradesh,Central,Standard Class,Fashion & Apparel,Men's Clothing,1539.32,4,0.2,6157.28,4925.82,505.1
IND-2025-1533,2025-08-27,Customer_453,Corporate,Mumbai,Maharashtra,West,Same Day,Fashion & Apparel,Footwear,2395.51,6,0.2,14373.06,11498.45,1652.34
IND-2025-1534,2024-12-25,Customer_273,Consumer,Mumbai,Maharashtra,West,First Class,Fashion & Apparel,Women's Clothing,1550.79,3,0.2,4652.37,3721.9,421.31
IND-2025-1535,2024-02-08,Customer_684,Corporate,Bengaluru,Karnataka,South,First Class,Grocery & Essentials,Beverages,347.68,4,0.1,1390.72,1251.65,-22.33
IND-2025-1536,2025-08-09,Customer_406,Corporate,Pune,Maharashtra,West,Same Day,Grocery & Essentials,Packaged Food,721.78,2,0.1,1443.56,1299.2,-36.81
IND-2025-1537,2024-07-25,Customer_194,Small Business,Bengaluru,Karnataka,South,Standard Class,Electronics,Laptops,44367.78,1,0.1,44367.78,39931.0,3182.43
IND-2025-1538,2025-08-29,Customer_616,Corporate,Lucknow,Uttar Pradesh,North,Same Day,Home & Kitchen,Cookware,2699.28,5,0.15,13496.4,11471.94,-229.83
IND-2025-1539,2025-11-10,Customer_742,Small Business,Chennai,Tamil Nadu,South,Second Class,Home & Kitchen,Furniture,11214.71,3,0.2,33644.13,26915.3,-506.46
IND-2025-1540,2025-08-13,Customer_844,Small Business,Bengaluru,Karnataka,South,Standard Class,Fashion & Apparel,Ethnic Wear,2754.03,6,0.2,16524.18,13219.34,1823.16
IND-2025-1541,2025-06-18,Customer_950,Consumer,Delhi,Delhi NCR,North,Second Class,Home & Kitchen,Appliances,5216.16,2,0.3,10432.32,7302.62,-1120.22
IND-2025-1542,2025-02-26,Customer_947,Corporate,Noida,Uttar Pradesh,North,Same Day,Home & Kitchen,Furniture,8846.7,5,0.05,44233.5,42021.82,4830.37
IND-2025-1543,2025-05-12,Customer_774,Small Business,Chennai,Tamil Nadu,South,Second Class,Grocery & Essentials,Personal Care,829.27,1,0.05,829.27,787.81,60.07
IND-2025-1544,2025-10-21,Customer_516,Corporate,Indore,Madhya Pradesh,Central,Standard Class,Electronics,Smartwatches,8257.87,1,0.4,8257.87,4954.72,-1428.34
IND-2025-1545,2025-02-10,Customer_637,Corporate,Indore,Madhya Pradesh,Central,Same Day,Fashion & Apparel,Women's Clothing,1158.18,6,0.2,6949.08,5559.26,490.85
IND-2025-1546,2024-04-02,Customer_247,Consumer,Delhi,Delhi NCR,North,Second Class,Electronics,Headphones,1853.71,5,0.3,9268.55,6487.98,-1354.72
IND-2025-1547,2024-08-07,Customer_533,Corporate,Noida,Uttar Pradesh,North,Second Class,Grocery & Essentials,Personal Care,417.02,5,0.0,2085.1,2085.1,213.0
IND-2025-1548,2024-10-11,Customer_857,Small Business,Bhopal,Madhya Pradesh,Central,Standard Class,Fashion & Apparel,Footwear,2900.89,3,0.4,8702.67,5221.6,-695.47
IND-2025-1549,2025-12-08,Customer_987,Consumer,Bhopal,Madhya Pradesh,Central,Same Day,Fashion & Apparel,Footwear,3210.91,3,0.3,9632.73,6742.91,-374.72
IND-2025-1550,2025-02-01,Customer_931,Small Business,Mumbai,Maharashtra,West,Same Day,Grocery & Essentials,Personal Care,465.93,2,0.1,931.86,838.67,3.52
IND-2025-1551,2024-02-04,Customer_264,Small Business,Noida,Uttar Pradesh,North,First Class,Electronics,Smartwatches,5768.73,4,0.4,23074.92,13844.95,-4615.66
IND-2025-1552,2025-06-02,Customer_288,Small Business,Pune,Maharashtra,West,Same Day,Home & Kitchen,Appliances,12031.74,5,0.3,60158.7,42111.09,-4671.94
IND-2025-1553,2025-10-18,Customer_886,Small Business,Ahmedabad,Gujarat,West,Second Class,Electronics,Smartwatches,3600.6,3,0.1,10801.8,9721.62,447.82
IND-2025-1554,2025-08-31,Customer_303,Consumer,Kolkata,West Bengal,East,Same Day,Grocery & Essentials,Personal Care,624.06,6,0.05,3744.36,3557.14,270.23
IND-2025-1555,2025-01-11,Customer_334,Consumer,Ahmedabad,Gujarat,West,Same Day,Grocery & Essentials,Personal Care,1142.0,5,0.05,5710.0,5424.5,340.88
IND-2025-1556,2024-07-22,Customer_220,Consumer,Noida,Uttar Pradesh,North,Same Day,Fashion & Apparel,Men's Clothing,1562.48,4,0.2,6249.92,4999.94,116.79
IND-2025-1557,2025-04-09,Customer_491,Consumer,Indore,Madhya Pradesh,Central,Same Day,Grocery & Essentials,Packaged Food,302.04,2,0.05,604.08,573.88,41.46
IND-2025-1558,2024-07-30,Customer_341,Small Business,Hyderabad,Telangana,South,Same Day,Fashion & Apparel,Footwear,3906.83,2,0.15,7813.66,6641.61,1254.4
IND-2025-1559,2024-09-11,Customer_825,Corporate,Lucknow,Uttar Pradesh,North,First Class,Grocery & Essentials,Packaged Food,109.29,2,0.4,218.58,131.15,-45.91
IND-2025-1560,2024-03-15,Customer_712,Small Business,Pune,Maharashtra,West,Standard Class,Electronics,Smartphones,23314.5,2,0.15,46629.0,39634.65,501.7
IND-2025-1561,2024-01-06,Customer_273,Small Business,Noida,Uttar Pradesh,North,Same Day,Grocery & Essentials,Personal Care,1176.4,6,0.1,7058.4,6352.56,-174.34
IND-2025-1562,2024-12-13,Customer_992,Corporate,Bengaluru,Karnataka,South,First Class,Fashion & Apparel,Men's Clothing,1361.56,5,0.15,6807.8,5786.63,506.48
IND-2025-1563,2025-03-16,Customer_973,Small Business,Noida,Uttar Pradesh,North,Same Day,Home & Kitchen,Home Decor,1792.43,4,0.05,7169.72,6811.23,1289.21
IND-2025-1564,2024-02-24,Customer_606,Consumer,Delhi,Delhi NCR,North,Same Day,Fashion & Apparel,Men's Clothing,1151.67,1,0.15,1151.67,978.92,172.19
IND-2025-1565,2024-12-31,Customer_954,Consumer,Patna,Bihar,East,First Class,Grocery & Essentials,Personal Care,667.64,6,0.4,4005.84,2403.5,-913.6
IND-2025-1566,2025-07-30,Customer_436,Consumer,Kolkata,West Bengal,East,First Class,Fashion & Apparel,Men's Clothing,1862.44,5,0.05,9312.2,8846.59,1782.81
IND-2025-1567,2025-11-28,Customer_591,Corporate,Kolkata,West Bengal,East,First Class,Electronics,Smartwatches,4988.47,1,0.4,4988.47,2993.08,-1000.04
IND-2025-1568,2025-08-31,Customer_916,Small Business,Kolkata,West Bengal,East,Second Class,Electronics,Headphones,3903.27,6,0.2,23419.62,18735.7,-823.03
IND-2025-1569,2024-08-04,Customer_282,Consumer,Indore,Madhya Pradesh,Central,Same Day,Electronics,Headphones,1834.15,1,0.3,1834.15,1283.9,-300.87
IND-2025-1570,2024-04-01,Customer_920,Corporate,Mumbai,Maharashtra,West,First Class,Fashion & Apparel,Women's Clothing,2043.21,4,0.1,8172.84,7355.56,2009.28
IND-2025-1571,2025-12-02,Customer_714,Corporate,Hyderabad,Telangana,South,Standard Class,Fashion & Apparel,Footwear,3662.08,3,0.2,10986.24,8788.99,675.14
IND-2025-1572,2025-03-08,Customer_802,Small Business,Bhopal,Madhya Pradesh,Central,Second Class,Home & Kitchen,Furniture,11511.59,4,0.0,46046.36,46046.36,9681.63
IND-2025-1573,2025-05-22,Customer_961,Consumer,Chennai,Tamil Nadu,South,Same Day,Electronics,Headphones,2298.3,1,0.4,2298.3,1378.98,-443.74
IND-2025-1574,2024-10-29,Customer_932,Corporate,Hyderabad,Telangana,South,First Class,Electronics,Smartphones,46692.08,5,0.0,233460.4,233460.4,37552.6
IND-2025-1575,2024-09-17,Customer_997,Small Business,Hyderabad,Telangana,South,First Class,Electronics,Smartphones,14557.42,6,0.15,87344.52,74242.84,-3388.13
IND-2025-1576,2024-11-17,Customer_864,Small Business,Hyderabad,Telangana,South,First Class,Grocery & Essentials,Beverages,313.97,3,0.1,941.91,847.72,-22.93
IND-2025-1577,2025-11-20,Customer_773,Small Business,Pune,Maharashtra,West,Same Day,Grocery & Essentials,Beverages,89.32,4,0.0,357.28,357.28,38.71
IND-2025-1578,2024-11-06,Customer_292,Consumer,Hyderabad,Telangana,South,Second Class,Home & Kitchen,Appliances,15069.61,1,0.05,15069.61,14316.13,2807.05
IND-2025-1579,2025-05-07,Customer_585,Corporate,Kolkata,West Bengal,East,Standard Class,Fashion & Apparel,Women's Clothing,2194.52,6,0.4,13167.12,7900.27,-1590.82
IND-2025-1580,2024-04-29,Customer_953,Corporate,Ahmedabad,Gujarat,West,Standard Class,Fashion & Apparel,Ethnic Wear,6790.43,4,0.0,27161.72,27161.72,9174.79
IND-2025-1581,2024-12-07,Customer_509,Corporate,Mumbai,Maharashtra,West,Same Day,Electronics,Smartwatches,9835.9,4,0.3,39343.6,27540.52,-5334.79
IND-2025-1582,2024-08-25,Customer_606,Small Business,Patna,Bihar,East,First Class,Electronics,Smartphones,26880.18,3,0.2,80640.54,64512.43,-7413.71
IND-2025-1583,2025-04-04,Customer_801,Corporate,Patna,Bihar,East,Same Day,Grocery & Essentials,Packaged Food,245.2,6,0.05,1471.2,1397.64,85.45
IND-2025-1584,2024-05-14,Customer_736,Consumer,Noida,Uttar Pradesh,North,First Class,Grocery & Essentials,Personal Care,1024.73,6,0.3,6148.38,4303.87,-950.65
IND-2025-1585,2025-12-08,Customer_410,Consumer,Patna,Bihar,East,Second Class,Electronics,Smartwatches,3032.77,2,0.05,6065.54,5762.26,624.97
IND-2025-1586,2025-07-24,Customer_165,Corporate,Mumbai,Maharashtra,West,Same Day,Electronics,Headphones,3618.9,3,0.3,10856.7,7599.69,-1727.5
IND-2025-1587,2024-04-26,Customer_670,Corporate,Hyderabad,Telangana,South,Second Class,Fashion & Apparel,Men's Clothing,1948.76,4,0.1,7795.04,7015.54,1737.98
IND-2025-1588,2025-12-07,Customer_725,Small Business,Indore,Madhya Pradesh,Central,Standard Class,Electronics,Smartphones,47065.28,4,0.4,188261.12,112956.67,-36533.48
IND-2025-1589,2025-07-29,Customer_850,Consumer,Mumbai,Maharashtra,West,Second Class,Electronics,Laptops,61496.31,2,0.1,122992.62,110693.36,1390.6
IND-2025-1590,2025-10-24,Customer_585,Corporate,Lucknow,Uttar Pradesh,North,First Class,Home & Kitchen,Furniture,6844.75,2,0.15,13689.5,11636.07,-339.12
IND-2025-1591,2025-06-01,Customer_906,Consumer,Ahmedabad,Gujarat,West,Second Class,Electronics,Headphones,1991.8,4,0.1,7967.2,7170.48,361.07
IND-2025-1592,2025-03-15,Customer_834,Small Business,Jaipur,Rajasthan,North,Standard Class,Grocery & Essentials,Personal Care,1149.43,5,0.4,5747.15,3448.29,-1193.42
IND-2025-1593,2024-03-27,Customer_688,Consumer,Lucknow,Uttar Pradesh,North,First Class,Home & Kitchen,Appliances,17729.17,2,0.15,35458.34,30139.59,1682.48
IND-2025-1594,2025-03-05,Customer_556,Small Business,Jaipur,Rajasthan,North,Second Class,Home & Kitchen,Home Decor,2773.08,1,0.4,2773.08,1663.85,-349.98
IND-2025-1595,2025-07-11,Customer_499,Small Business,Hyderabad,Telangana,South,Second Class,Grocery & Essentials,Beverages,259.53,6,0.15,1557.18,1323.6,-82.57
IND-2025-1596,2025-06-16,Customer_915,Small Business,Chennai,Tamil Nadu,South,First Class,Home & Kitchen,Furniture,6392.29,5,0.1,31961.45,28765.31,1461.38
IND-2025-1597,2024-09-04,Customer_148,Small Business,Indore,Madhya Pradesh,Central,Standard Class,Home & Kitchen,Appliances,17804.32,1,0.3,17804.32,12463.02,-1601.39
IND-2025-1598,2025-04-04,Customer_781,Small Business,Noida,Uttar Pradesh,North,Second Class,Electronics,Smartwatches,4711.84,2,0.4,9423.68,5654.21,-1698.18
IND-2025-1599,2024-12-24,Customer_469,Corporate,Noida,Uttar Pradesh,North,Standard Class,Home & Kitchen,Furniture,15715.26,5,0.3,78576.3,55003.41,-7386.52
IND-2025-1600,2024-05-30,Customer_638,Corporate,Patna,Bihar,East,Same Day,Grocery & Essentials,Personal Care,236.04,1,0.15,236.04,200.63,-14.88
IND-2025-1601,2024-09-27,Customer_247,Small Business,Hyderabad,Telangana,South,Second Class,Grocery & Essentials,Beverages,300.18,4,0.3,1200.72,840.5,-186.87
IND-2025-1602,2025-05-11,Customer_260,Small Business,Patna,Bihar,East,First Class,Grocery & Essentials,Packaged Food,971.23,5,0.4,4856.15,2913.69,-1158.83
IND-2025-1603,2024-05-01,Customer_410,Corporate,Hyderabad,Telangana,South,Same Day,Grocery & Essentials,Packaged Food,208.78,5,0.1,1043.9,939.51,27.59
IND-2025-1604,2024-01-29,Customer_857,Corporate,Bhopal,Madhya Pradesh,Central,Standard Class,Fashion & Apparel,Women's Clothing,3308.14,4,0.0,13232.56,13232.56,3913.86
IND-2025-1605,2024-05-05,Customer_586,Small Business,Chennai,Tamil Nadu,South,Second Class,Home & Kitchen,Cookware,3611.28,4,0.15,14445.12,12278.35,1068.68
IND-2025-1606,2024-05-21,Customer_496,Consumer,Chennai,Tamil Nadu,South,Same Day,Grocery & Essentials,Personal Care,850.58,2,0.4,1701.16,1020.7,-363.73
IND-2025-1607,2024-12-13,Customer_824,Corporate,Chennai,Tamil Nadu,South,Standard Class,Electronics,Smartwatches,7887.3,6,0.0,47323.8,47323.8,8957.27
IND-2025-1608,2025-10-21,Customer_614,Consumer,Chennai,Tamil Nadu,South,Standard Class,Electronics,Laptops,77758.42,5,0.2,388792.1,311033.68,-18472.53
IND-2025-1609,2025-11-05,Customer_646,Small Business,Chennai,Tamil Nadu,South,First Class,Fashion & Apparel,Men's Clothing,1259.91,2,0.05,2519.82,2393.83,756.06
IND-2025-1610,2025-02-15,Customer_363,Consumer,Hyderabad,Telangana,South,Standard Class,Electronics,Smartwatches,8895.79,1,0.1,8895.79,8006.21,279.91
IND-2025-1611,2024-04-11,Customer_729,Corporate,Chennai,Tamil Nadu,South,Second Class,Fashion & Apparel,Footwear,1576.14,3,0.4,4728.42,2837.05,-521.96
IND-2025-1612,2024-01-28,Customer_223,Consumer,Patna,Bihar,East,Second Class,Electronics,Headphones,2047.81,3,0.05,6143.43,5836.26,542.92
IND-2025-1613,2024-09-02,Customer_167,Corporate,Bhopal,Madhya Pradesh,Central,Standard Class,Fashion & Apparel,Ethnic Wear,4150.0,5,0.15,20750.0,17637.5,1947.06
IND-2025-1614,2025-02-21,Customer_681,Corporate,Kolkata,West Bengal,East,Same Day,Fashion & Apparel,Men's Clothing,1245.98,5,0.3,6229.9,4360.93,19.39
IND-2025-1615,2024-03-26,Customer_142,Consumer,Indore,Madhya Pradesh,Central,Same Day,Fashion & Apparel,Women's Clothing,1994.58,2,0.4,3989.16,2393.5,-208.49
IND-2025-1616,2025-09-27,Customer_747,Consumer,Noida,Uttar Pradesh,North,First Class,Fashion & Apparel,Men's Clothing,744.42,4,0.1,2977.68,2679.91,685.85
IND-2025-1617,2024-02-16,Customer_315,Small Business,Ahmedabad,Gujarat,West,First Class,Electronics,Headphones,1087.09,6,0.0,6522.54,6522.54,1216.06
IND-2025-1618,2025-11-29,Customer_808,Consumer,Lucknow,Uttar Pradesh,North,Standard Class,Home & Kitchen,Appliances,7095.2,6,0.1,42571.2,38314.08,4135.5
IND-2025-1619,2025-09-15,Customer_906,Small Business,Bengaluru,Karnataka,South,Standard Class,Electronics,Smartphones,36908.26,4,0.2,147633.04,118106.43,-5713.82
IND-2025-1620,2025-07-05,Customer_108,Consumer,Mumbai,Maharashtra,West,Same Day,Grocery & Essentials,Beverages,144.18,4,0.4,576.72,346.03,-118.75
IND-2025-1621,2025-01-14,Customer_728,Small Business,Delhi,Delhi NCR,North,First Class,Grocery & Essentials,Packaged Food,299.37,1,0.4,299.37,179.62,-70.72
IND-2025-1622,2024-08-14,Customer_505,Consumer,Delhi,Delhi NCR,North,First Class,Grocery & Essentials,Personal Care,188.64,4,0.3,754.56,528.19,-117.53
IND-2025-1623,2025-08-05,Customer_231,Small Business,Chennai,Tamil Nadu,South,Standard Class,Grocery & Essentials,Packaged Food,596.61,6,0.3,3579.66,2505.76,-690.15
IND-2025-1624,2024-05-10,Customer_673,Corporate,Noida,Uttar Pradesh,North,Standard Class,Fashion & Apparel,Footwear,1767.41,6,0.0,10604.46,10604.46,3753.43
IND-2025-1625,2025-03-13,Customer_144,Small Business,Kolkata,West Bengal,East,Second Class,Electronics,Headphones,2184.15,4,0.1,8736.6,7862.94,76.56
IND-2025-1626,2024-02-18,Customer_855,Consumer,Noida,Uttar Pradesh,North,Same Day,Grocery & Essentials,Beverages,313.41,1,0.15,313.41,266.4,-26.17
IND-2025-1627,2024-03-17,Customer_916,Small Business,Delhi,Delhi NCR,North,First Class,Fashion & Apparel,Women's Clothing,1853.52,1,0.3,1853.52,1297.46,-137.3
IND-2025-1628,2024-09-13,Customer_894,Small Business,Delhi,Delhi NCR,North,Same Day,Electronics,Smartwatches,3906.87,3,0.4,11720.61,7032.37,-2501.03
IND-2025-1629,2024-04-07,Customer_163,Corporate,Kolkata,West Bengal,East,Standard Class,Grocery & Essentials,Beverages,144.91,1,0.0,144.91,144.91,19.53
IND-2025-1630,2024-11-04,Customer_520,Consumer,Hyderabad,Telangana,South,Standard Class,Grocery & Essentials,Packaged Food,191.64,1,0.2,191.64,153.31,-17.9
IND-2025-1631,2025-04-09,Customer_436,Small Business,Jaipur,Rajasthan,North,Second Class,Grocery & Essentials,Personal Care,1073.94,5,0.0,5369.7,5369.7,600.25
IND-2025-1632,2024-04-20,Customer_735,Corporate,Pune,Maharashtra,West,Second Class,Electronics,Smartphones,33715.46,2,0.2,67430.92,53944.74,-5929.69
IND-2025-1633,2024-09-05,Customer_654,Consumer,Ahmedabad,Gujarat,West,Second Class,Electronics,Smartphones,15107.23,5,0.15,75536.15,64205.73,-1216.69
IND-2025-1634,2025-04-25,Customer_955,Small Business,Noida,Uttar Pradesh,North,Standard Class,Home & Kitchen,Home Decor,1422.07,1,0.2,1422.07,1137.66,-93.91
IND-2025-1635,2025-03-08,Customer_578,Small Business,Lucknow,Uttar Pradesh,North,First Class,Fashion & Apparel,Women's Clothing,2849.78,2,0.4,5699.56,3419.74,-689.41
IND-2025-1636,2025-08-15,Customer_103,Small Business,Hyderabad,Telangana,South,Second Class,Home & Kitchen,Home Decor,1546.74,2,0.0,3093.48,3093.48,480.99
IND-2025-1637,2025-12-10,Customer_509,Consumer,Delhi,Delhi NCR,North,Standard Class,Grocery & Essentials,Beverages,190.83,4,0.3,763.32,534.32,-135.55
IND-2025-1638,2025-01-06,Customer_144,Consumer,Mumbai,Maharashtra,West,Second Class,Electronics,Headphones,896.06,1,0.05,896.06,851.26,70.86
IND-2025-1639,2024-07-21,Customer_963,Corporate,Noida,Uttar Pradesh,North,Standard Class,Fashion & Apparel,Women's Clothing,3633.22,6,0.05,21799.32,20709.35,5657.29
IND-2025-1640,2024-01-22,Customer_776,Consumer,Indore,Madhya Pradesh,Central,Same Day,Fashion & Apparel,Ethnic Wear,4998.24,1,0.1,4998.24,4498.42,790.65
IND-2025-1641,2025-12-29,Customer_539,Small Business,Pune,Maharashtra,West,Second Class,Electronics,Laptops,74136.16,2,0.4,148272.32,88963.39,-30677.13
IND-2025-1642,2024-02-17,Customer_698,Corporate,Bhopal,Madhya Pradesh,Central,Second Class,Fashion & Apparel,Footwear,4158.35,3,0.05,12475.05,11851.3,3666.1
IND-2025-1643,2024-03-24,Customer_631,Corporate,Bhopal,Madhya Pradesh,Central,Second Class,Grocery & Essentials,Beverages,399.74,2,0.2,799.48,639.58,-85.58
IND-2025-1644,2024-11-25,Customer_137,Consumer,Patna,Bihar,East,Second Class,Home & Kitchen,Appliances,13734.75,4,0.15,54939.0,46698.15,4191.35
IND-2025-1645,2024-07-26,Customer_237,Consumer,Bengaluru,Karnataka,South,First Class,Fashion & Apparel,Ethnic Wear,2467.84,4,0.15,9871.36,8390.66,1764.76
IND-2025-1646,2025-03-31,Customer_923,Corporate,Chennai,Tamil Nadu,South,First Class,Home & Kitchen,Furniture,13759.43,4,0.2,55037.72,44030.18,-1286.49
IND-2025-1647,2024-10-06,Customer_659,Small Business,Jaipur,Rajasthan,North,Standard Class,Electronics,Laptops,52084.42,3,0.3,156253.26,109377.28,-25586.51
IND-2025-1648,2024-10-10,Customer_935,Small Business,Delhi,Delhi NCR,North,First Class,Electronics,Smartphones,12853.95,1,0.2,12853.95,10283.16,-1069.2
IND-2025-1649,2024-07-14,Customer_693,Small Business,Patna,Bihar,East,Standard Class,Fashion & Apparel,Footwear,1034.14,3,0.1,3102.42,2792.18,690.98
IND-2025-1650,2025-04-28,Customer_579,Small Business,Kolkata,West Bengal,East,Same Day,Fashion & Apparel,Ethnic Wear,2519.96,6,0.3,15119.76,10583.83,-793.17
IND-2025-1651,2024-12-14,Customer_130,Corporate,Bhopal,Madhya Pradesh,Central,Second Class,Electronics,Headphones,3506.57,4,0.4,14026.28,8415.77,-2395.51
IND-2025-1652,2025-08-14,Customer_802,Corporate,Indore,Madhya Pradesh,Central,First Class,Fashion & Apparel,Footwear,4773.42,1,0.15,4773.42,4057.41,791.78
IND-2025-1653,2024-11-29,Customer_500,Corporate,Hyderabad,Telangana,South,Second Class,Electronics,Smartphones,46885.77,2,0.1,93771.54,84394.39,3836.17
IND-2025-1654,2025-02-04,Customer_791,Small Business,Pune,Maharashtra,West,Second Class,Grocery & Essentials,Packaged Food,527.3,3,0.2,1581.9,1265.52,-187.3
IND-2025-1655,2024-02-02,Customer_158,Corporate,Indore,Madhya Pradesh,Central,Standard Class,Grocery & Essentials,Packaged Food,268.02,1,0.15,268.02,227.82,-21.67
IND-2025-1656,2024-06-24,Customer_986,Consumer,Lucknow,Uttar Pradesh,North,Second Class,Grocery & Essentials,Personal Care,314.89,1,0.05,314.89,299.15,25.98
IND-2025-1657,2024-07-29,Customer_569,Corporate,Noida,Uttar Pradesh,North,Second Class,Grocery & Essentials,Beverages,425.69,2,0.2,851.38,681.1,-74.8
IND-2025-1658,2024-01-08,Customer_573,Small Business,Ahmedabad,Gujarat,West,Standard Class,Grocery & Essentials,Packaged Food,842.12,5,0.4,4210.6,2526.36,-923.72
IND-2025-1659,2024-04-03,Customer_355,Consumer,Noida,Uttar Pradesh,North,Same Day,Grocery & Essentials,Personal Care,885.33,6,0.4,5311.98,3187.19,-1235.8
IND-2025-1660,2025-04-13,Customer_782,Consumer,Jaipur,Rajasthan,North,Second Class,Fashion & Apparel,Men's Clothing,1544.52,1,0.05,1544.52,1467.29,313.54
IND-2025-1661,2025-05-20,Customer_618,Consumer,Jaipur,Rajasthan,North,Same Day,Electronics,Headphones,1044.91,1,0.2,1044.91,835.93,-49.05
IND-2025-1662,2024-01-28,Customer_239,Corporate,Pune,Maharashtra,West,Same Day,Grocery & Essentials,Personal Care,510.84,4,0.4,2043.36,1226.02,-429.55
IND-2025-1663,2025-05-11,Customer_274,Consumer,Bengaluru,Karnataka,South,Standard Class,Electronics,Smartphones,31937.14,2,0.3,63874.28,44712.0,-7332.7
IND-2025-1664,2024-06-30,Customer_831,Consumer,Noida,Uttar Pradesh,North,Second Class,Electronics,Smartwatches,3347.63,6,0.4,20085.78,12051.47,-4327.72
IND-2025-1665,2025-03-28,Customer_355,Corporate,Patna,Bihar,East,Second Class,Electronics,Smartphones,25624.74,3,0.15,76874.22,65343.09,-3646.59
IND-2025-1666,2024-07-23,Customer_198,Small Business,Pune,Maharashtra,West,Second Class,Electronics,Smartwatches,2223.55,1,0.1,2223.55,2001.2,131.36
IND-2025-1667,2024-06-20,Customer_538,Consumer,Mumbai,Maharashtra,West,Second Class,Grocery & Essentials,Beverages,136.0,3,0.1,408.0,367.2,-0.76
IND-2025-1668,2024-08-06,Customer_934,Corporate,Pune,Maharashtra,West,First Class,Home & Kitchen,Home Decor,934.05,4,0.3,3736.2,2615.34,-393.24
IND-2025-1669,2024-02-14,Customer_970,Small Business,Pune,Maharashtra,West,Second Class,Fashion & Apparel,Ethnic Wear,2948.9,5,0.15,14744.5,12532.82,1068.7
IND-2025-1670,2024-09-14,Customer_971,Small Business,Pune,Maharashtra,West,Same Day,Home & Kitchen,Appliances,13168.51,6,0.05,79011.06,75060.51,15381.08
IND-2025-1671,2024-03-10,Customer_731,Consumer,Lucknow,Uttar Pradesh,North,First Class,Electronics,Smartwatches,5058.97,6,0.3,30353.82,21247.67,-4704.36
IND-2025-1672,2024-08-30,Customer_138,Consumer,Patna,Bihar,East,Same Day,Grocery & Essentials,Packaged Food,657.79,1,0.05,657.79,624.9,21.44
IND-2025-1673,2024-12-02,Customer_334,Small Business,Ahmedabad,Gujarat,West,First Class,Home & Kitchen,Home Decor,2109.01,1,0.2,2109.01,1687.21,26.41
IND-2025-1674,2024-12-16,Customer_633,Corporate,Delhi,Delhi NCR,North,Second Class,Fashion & Apparel,Men's Clothing,2775.92,6,0.05,16655.52,15822.74,4658.87
IND-2025-1675,2025-03-28,Customer_277,Small Business,Kolkata,West Bengal,East,Second Class,Electronics,Smartphones,44794.67,1,0.05,44794.67,42554.94,2730.69
IND-2025-1676,2024-08-29,Customer_392,Small Business,Chennai,Tamil Nadu,South,Same Day,Electronics,Smartwatches,7799.91,3,0.05,23399.73,22229.74,2617.19
IND-2025-1677,2025-10-12,Customer_543,Consumer,Delhi,Delhi NCR,North,Same Day,Home & Kitchen,Appliances,4200.24,3,0.15,12600.72,10710.61,267.24
IND-2025-1678,2024-01-21,Customer_413,Corporate,Bhopal,Madhya Pradesh,Central,First Class,Grocery & Essentials,Personal Care,1046.74,3,0.2,3140.22,2512.18,-335.05
IND-2025-1679,2025-01-19,Customer_847,Small Business,Chennai,Tamil Nadu,South,First Class,Grocery & Essentials,Packaged Food,399.91,6,0.15,2399.46,2039.54,-80.94
IND-2025-1680,2025-05-18,Customer_139,Consumer,Jaipur,Rajasthan,North,Same Day,Grocery & Essentials,Personal Care,1169.02,3,0.15,3507.06,2981.0,-212.8
IND-2025-1681,2025-08-02,Customer_766,Corporate,Ahmedabad,Gujarat,West,Same Day,Fashion & Apparel,Ethnic Wear,6751.16,6,0.1,40506.96,36456.26,7411.31
IND-2025-1682,2024-09-09,Customer_719,Corporate,Delhi,Delhi NCR,North,Second Class,Grocery & Essentials,Packaged Food,929.32,3,0.3,2787.96,1951.57,-526.24
IND-2025-1683,2024-09-17,Customer_182,Small Business,Delhi,Delhi NCR,North,Second Class,Fashion & Apparel,Men's Clothing,880.15,1,0.3,880.15,616.1,-32.25
IND-2025-1684,2025-03-09,Customer_997,Small Business,Ahmedabad,Gujarat,West,Standard Class,Grocery & Essentials,Personal Care,876.43,5,0.2,4382.15,3505.72,-459.91
IND-2025-1685,2024-04-21,Customer_101,Consumer,Kolkata,West Bengal,East,Standard Class,Home & Kitchen,Furniture,9035.32,2,0.3,18070.64,12649.45,-1033.29
IND-2025-1686,2025-12-14,Customer_614,Consumer,Jaipur,Rajasthan,North,Same Day,Grocery & Essentials,Beverages,229.94,4,0.05,919.76,873.77,47.23
IND-2025-1687,2025-08-03,Customer_551,Small Business,Indore,Madhya Pradesh,Central,Standard Class,Fashion & Apparel,Women's Clothing,1443.01,6,0.05,8658.06,8225.16,1799.52
IND-2025-1688,2025-10-13,Customer_878,Consumer,Ahmedabad,Gujarat,West,Standard Class,Electronics,Headphones,1074.26,1,0.1,1074.26,966.83,4.97
IND-2025-1689,2024-03-03,Customer_597,Corporate,Noida,Uttar Pradesh,North,First Class,Electronics,Smartphones,13873.67,5,0.4,69368.35,41621.01,-14959.38
IND-2025-1690,2025-09-10,Customer_158,Corporate,Jaipur,Rajasthan,North,First Class,Home & Kitchen,Home Decor,2204.65,3,0.1,6613.95,5952.56,693.24
IND-2025-1691,2024-04-12,Customer_934,Consumer,Mumbai,Maharashtra,West,First Class,Grocery & Essentials,Beverages,288.94,2,0.0,577.88,577.88,74.52
IND-2025-1692,2025-04-07,Customer_468,Consumer,Hyderabad,Telangana,South,First Class,Grocery & Essentials,Beverages,294.83,2,0.0,589.66,589.66,47.86
IND-2025-1693,2025-11-25,Customer_774,Small Business,Bengaluru,Karnataka,South,Standard Class,Fashion & Apparel,Ethnic Wear,3520.96,5,0.4,17604.8,10562.88,-1751.46
IND-2025-1694,2025-01-29,Customer_408,Small Business,Noida,Uttar Pradesh,North,Same Day,Fashion & Apparel,Women's Clothing,3583.55,5,0.4,17917.75,10750.65,-1658.87
IND-2025-1695,2024-06-21,Customer_545,Small Business,Bengaluru,Karnataka,South,Standard Class,Electronics,Smartwatches,7301.14,2,0.05,14602.28,13872.17,1067.2
IND-2025-1696,2024-06-13,Customer_647,Small Business,Lucknow,Uttar Pradesh,North,Same Day,Grocery & Essentials,Personal Care,381.39,3,0.3,1144.17,800.92,-216.65
IND-2025-1697,2024-04-02,Customer_490,Small Business,Bhopal,Madhya Pradesh,Central,Same Day,Home & Kitchen,Furniture,18976.7,5,0.0,94883.5,94883.5,23082.08
IND-2025-1698,2024-08-26,Customer_686,Corporate,Delhi,Delhi NCR,North,Second Class,Home & Kitchen,Cookware,1872.93,1,0.0,1872.93,1872.93,326.75
IND-2025-1699,2024-11-16,Customer_795,Consumer,Jaipur,Rajasthan,North,Second Class,Electronics,Headphones,998.03,5,0.05,4990.15,4740.64,605.71
IND-2025-1700,2024-04-19,Customer_864,Small Business,Jaipur,Rajasthan,North,Standard Class,Electronics,Smartwatches,4527.41,3,0.4,13582.23,8149.34,-2791.05
IND-2025-1701,2025-09-05,Customer_485,Consumer,Lucknow,Uttar Pradesh,North,First Class,Home & Kitchen,Cookware,1820.36,6,0.2,10922.16,8737.73,-224.09
IND-2025-1702,2024-06-05,Customer_934,Small Business,Indore,Madhya Pradesh,Central,Second Class,Fashion & Apparel,Women's Clothing,3041.3,1,0.4,3041.3,1824.78,-185.18
IND-2025-1703,2024-01-23,Customer_813,Consumer,Chennai,Tamil Nadu,South,Same Day,Grocery & Essentials,Personal Care,593.56,4,0.1,2374.24,2136.82,-43.14
IND-2025-1704,2024-04-09,Customer_398,Consumer,Ahmedabad,Gujarat,West,Second Class,Home & Kitchen,Cookware,3549.43,6,0.1,21296.58,19166.92,917.77
IND-2025-1705,2024-08-11,Customer_537,Small Business,Bhopal,Madhya Pradesh,Central,Second Class,Fashion & Apparel,Men's Clothing,1469.34,5,0.0,7346.7,7346.7,2925.99
IND-2025-1706,2024-02-27,Customer_742,Small Business,Pune,Maharashtra,West,Same Day,Home & Kitchen,Appliances,5694.49,1,0.0,5694.49,5694.49,1293.45
IND-2025-1707,2024-09-07,Customer_914,Small Business,Mumbai,Maharashtra,West,Standard Class,Electronics,Laptops,49832.24,3,0.3,149496.72,104647.7,-20124.54
IND-2025-1708,2025-04-19,Customer_621,Consumer,Indore,Madhya Pradesh,Central,Standard Class,Grocery & Essentials,Personal Care,813.95,4,0.1,3255.8,2930.22,14.35
IND-2025-1709,2025-08-23,Customer_405,Small Business,Hyderabad,Telangana,South,Second Class,Grocery & Essentials,Personal Care,878.41,1,0.4,878.41,527.05,-184.89
IND-2025-1710,2024-04-11,Customer_165,Small Business,Lucknow,Uttar Pradesh,North,Standard Class,Electronics,Laptops,50266.53,6,0.0,301599.18,301599.18,45693.4
IND-2025-1711,2024-07-31,Customer_688,Consumer,Kolkata,West Bengal,East,Second Class,Electronics,Laptops,73100.17,6,0.05,438601.02,416670.97,25177.73
IND-2025-1712,2024-03-30,Customer_773,Consumer,Chennai,Tamil Nadu,South,Second Class,Home & Kitchen,Cookware,1253.83,1,0.2,1253.83,1003.06,-67.9
IND-2025-1713,2024-11-03,Customer_622,Consumer,Mumbai,Maharashtra,West,Standard Class,Home & Kitchen,Appliances,5097.83,4,0.3,20391.32,14273.92,-1147.86
IND-2025-1714,2025-11-09,Customer_705,Corporate,Indore,Madhya Pradesh,Central,First Class,Electronics,Laptops,31836.7,2,0.1,63673.4,57306.06,3924.71
IND-2025-1715,2024-05-11,Customer_792,Corporate,Patna,Bihar,East,Second Class,Grocery & Essentials,Packaged Food,594.86,3,0.15,1784.58,1516.89,-51.37
IND-2025-1716,2025-07-02,Customer_719,Consumer,Delhi,Delhi NCR,North,Same Day,Electronics,Headphones,3985.15,6,0.3,23910.9,16737.63,-3759.1
IND-2025-1717,2024-06-06,Customer_167,Corporate,Lucknow,Uttar Pradesh,North,Standard Class,Grocery & Essentials,Personal Care,177.21,5,0.05,886.05,841.75,49.15
IND-2025-1718,2025-01-06,Customer_207,Consumer,Lucknow,Uttar Pradesh,North,Second Class,Home & Kitchen,Furniture,18032.83,2,0.1,36065.66,32459.09,5061.69
IND-2025-1719,2025-06-23,Customer_149,Consumer,Patna,Bihar,East,First Class,Home & Kitchen,Appliances,4433.11,3,0.3,13299.33,9309.53,-1626.96
IND-2025-1720,2025-02-02,Customer_487,Small Business,Ahmedabad,Gujarat,West,First Class,Home & Kitchen,Appliances,10152.93,2,0.1,20305.86,18275.27,917.67
IND-2025-1721,2024-02-24,Customer_393,Corporate,Patna,Bihar,East,Same Day,Home & Kitchen,Furniture,15173.23,4,0.3,60692.92,42485.04,-6966.69
IND-2025-1722,2025-06-17,Customer_847,Consumer,Patna,Bihar,East,Standard Class,Fashion & Apparel,Footwear,3542.54,1,0.1,3542.54,3188.29,564.04
IND-2025-1723,2024-06-18,Customer_848,Consumer,Hyderabad,Telangana,South,Same Day,Electronics,Smartphones,39736.38,5,0.15,198681.9,168879.61,788.29
IND-2025-1724,2025-05-24,Customer_350,Small Business,Chennai,Tamil Nadu,South,Standard Class,Electronics,Smartwatches,2111.2,2,0.4,4222.4,2533.44,-760.86
IND-2025-1725,2025-09-13,Customer_274,Corporate,Bengaluru,Karnataka,South,Standard Class,Fashion & Apparel,Women's Clothing,1359.41,3,0.4,4078.23,2446.94,-433.12
IND-2025-1726,2024-12-12,Customer_412,Small Business,Kolkata,West Bengal,East,Standard Class,Fashion & Apparel,Men's Clothing,1296.16,4,0.1,5184.64,4666.18,608.17
IND-2025-1727,2025-04-19,Customer_290,Corporate,Hyderabad,Telangana,South,First Class,Grocery & Essentials,Packaged Food,420.17,5,0.15,2100.85,1785.72,-67.3
IND-2025-1728,2024-01-10,Customer_887,Small Business,Pune,Maharashtra,West,First Class,Grocery & Essentials,Personal Care,357.42,5,0.2,1787.1,1429.68,-228.06
IND-2025-1729,2024-08-19,Customer_549,Consumer,Bengaluru,Karnataka,South,Second Class,Grocery & Essentials,Personal Care,464.25,4,0.05,1857.0,1764.15,116.33
IND-2025-1730,2024-12-28,Customer_439,Consumer,Patna,Bihar,East,Second Class,Grocery & Essentials,Packaged Food,423.31,6,0.05,2539.86,2412.87,119.37
IND-2025-1731,2025-11-13,Customer_869,Corporate,Delhi,Delhi NCR,North,Same Day,Grocery & Essentials,Beverages,591.12,1,0.15,591.12,502.45,-45.76
IND-2025-1732,2024-05-14,Customer_539,Small Business,Pune,Maharashtra,West,Standard Class,Electronics,Smartphones,15044.94,3,0.2,45134.82,36107.86,-4293.52
IND-2025-1733,2025-03-20,Customer_217,Corporate,Bengaluru,Karnataka,South,Second Class,Home & Kitchen,Home Decor,1714.82,4,0.05,6859.28,6516.32,744.76
IND-2025-1734,2025-11-13,Customer_744,Small Business,Indore,Madhya Pradesh,Central,Second Class,Grocery & Essentials,Packaged Food,526.5,1,0.3,526.5,368.55,-81.14
IND-2025-1735,2024-08-22,Customer_517,Small Business,Pune,Maharashtra,West,First Class,Fashion & Apparel,Ethnic Wear,1422.53,2,0.05,2845.06,2702.81,763.46
IND-2025-1736,2025-12-17,Customer_387,Corporate,Kolkata,West Bengal,East,Same Day,Fashion & Apparel,Women's Clothing,1875.77,4,0.0,7503.08,7503.08,2600.42
IND-2025-1737,2024-09-09,Customer_203,Corporate,Lucknow,Uttar Pradesh,North,Second Class,Electronics,Laptops,32044.46,1,0.3,32044.46,22431.12,-4047.01
IND-2025-1738,2024-09-15,Customer_859,Corporate,Bengaluru,Karnataka,South,First Class,Home & Kitchen,Home Decor,1260.89,1,0.3,1260.89,882.62,-86.45
IND-2025-1739,2024-08-31,Customer_770,Consumer,Kolkata,West Bengal,East,Second Class,Home & Kitchen,Furniture,13764.91,1,0.0,13764.91,13764.91,2280.1
IND-2025-1740,2025-12-22,Customer_257,Consumer,Bengaluru,Karnataka,South,Second Class,Electronics,Smartphones,47672.72,5,0.1,238363.6,214527.24,5173.99
IND-2025-1741,2024-07-15,Customer_615,Consumer,Jaipur,Rajasthan,North,Second Class,Home & Kitchen,Home Decor,2737.28,4,0.3,10949.12,7664.38,-1542.06
IND-2025-1742,2025-09-05,Customer_801,Small Business,Noida,Uttar Pradesh,North,Standard Class,Fashion & Apparel,Footwear,1181.78,5,0.0,5908.9,5908.9,2092.17
IND-2025-1743,2024-06-18,Customer_813,Consumer,Bengaluru,Karnataka,South,Same Day,Grocery & Essentials,Beverages,485.27,4,0.2,1941.08,1552.86,-224.78
IND-2025-1744,2025-05-30,Customer_398,Consumer,Patna,Bihar,East,Second Class,Home & Kitchen,Home Decor,2631.19,3,0.3,7893.57,5525.5,-999.5
IND-2025-1745,2024-10-11,Customer_477,Corporate,Ahmedabad,Gujarat,West,Standard Class,Home & Kitchen,Cookware,2927.24,2,0.4,5854.48,3512.69,-862.98
IND-2025-1746,2025-12-23,Customer_324,Small Business,Chennai,Tamil Nadu,South,First Class,Home & Kitchen,Furniture,11125.14,5,0.1,55625.7,50063.13,6812.08
IND-2025-1747,2024-06-29,Customer_311,Corporate,Noida,Uttar Pradesh,North,Second Class,Electronics,Smartphones,38904.09,6,0.15,233424.54,198410.86,3105.63
IND-2025-1748,2024-11-28,Customer_285,Corporate,Noida,Uttar Pradesh,North,Second Class,Fashion & Apparel,Ethnic Wear,2102.72,2,0.3,4205.44,2943.81,-161.04
IND-2025-1749,2024-06-29,Customer_292,Consumer,Delhi,Delhi NCR,North,Second Class,Grocery & Essentials,Beverages,173.81,3,0.0,521.43,521.43,66.8
IND-2025-1750,2024-03-14,Customer_202,Corporate,Jaipur,Rajasthan,North,Same Day,Fashion & Apparel,Ethnic Wear,6472.96,4,0.0,25891.84,25891.84,7006.17
IND-2025-1751,2024-01-22,Customer_910,Consumer,Pune,Maharashtra,West,First Class,Electronics,Smartphones,15287.16,1,0.1,15287.16,13758.44,157.0
IND-2025-1752,2025-12-25,Customer_656,Small Business,Pune,Maharashtra,West,First Class,Fashion & Apparel,Women's Clothing,2337.36,5,0.15,11686.8,9933.78,1153.39
IND-2025-1753,2025-10-04,Customer_329,Consumer,Chennai,Tamil Nadu,South,Second Class,Electronics,Smartphones,42997.0,1,0.2,42997.0,34397.6,-3311.14
IND-2025-1754,2025-03-13,Customer_273,Consumer,Jaipur,Rajasthan,North,Second Class,Fashion & Apparel,Footwear,3621.46,2,0.3,7242.92,5070.04,114.75
IND-2025-1755,2024-04-14,Customer_282,Corporate,Noida,Uttar Pradesh,North,First Class,Home & Kitchen,Cookware,2847.09,1,0.1,2847.09,2562.38,375.2
IND-2025-1756,2025-09-06,Customer_611,Small Business,Ahmedabad,Gujarat,West,First Class,Grocery & Essentials,Packaged Food,903.81,6,0.1,5422.86,4880.57,-102.61
IND-2025-1757,2024-09-28,Customer_904,Corporate,Bhopal,Madhya Pradesh,Central,Standard Class,Electronics,Smartphones,44468.56,2,0.4,88937.12,53362.27,-16410.59
IND-2025-1758,2024-04-25,Customer_534,Corporate,Hyderabad,Telangana,South,Same Day,Grocery & Essentials,Beverages,224.81,1,0.1,224.81,202.33,-3.57
IND-2025-1759,2025-09-08,Customer_649,Consumer,Bhopal,Madhya Pradesh,Central,Same Day,Home & Kitchen,Furniture,17032.11,6,0.05,102192.66,97083.03,15536.89
IND-2025-1760,2024-03-26,Customer_971,Consumer,Hyderabad,Telangana,South,First Class,Grocery & Essentials,Beverages,380.5,6,0.4,2283.0,1369.8,-547.65
IND-2025-1761,2025-07-25,Customer_247,Small Business,Bengaluru,Karnataka,South,Same Day,Fashion & Apparel,Men's Clothing,742.99,3,0.1,2228.97,2006.07,521.61
IND-2025-1762,2024-09-05,Customer_480,Consumer,Delhi,Delhi NCR,North,Standard Class,Fashion & Apparel,Men's Clothing,2392.79,1,0.3,2392.79,1674.95,-89.41
IND-2025-1763,2025-11-09,Customer_951,Corporate,Hyderabad,Telangana,South,Second Class,Electronics,Smartwatches,8699.5,2,0.0,17399.0,17399.0,2292.33
IND-2025-1764,2024-07-05,Customer_161,Small Business,Bengaluru,Karnataka,South,Standard Class,Fashion & Apparel,Footwear,2880.74,6,0.1,17284.44,15556.0,3526.97
IND-2025-1765,2025-09-10,Customer_685,Small Business,Bhopal,Madhya Pradesh,Central,First Class,Fashion & Apparel,Women's Clothing,834.78,4,0.3,3339.12,2337.38,-97.83
IND-2025-1766,2025-12-27,Customer_157,Consumer,Delhi,Delhi NCR,North,Same Day,Grocery & Essentials,Packaged Food,344.64,1,0.2,344.64,275.71,-36.39
IND-2025-1767,2024-07-07,Customer_534,Consumer,Indore,Madhya Pradesh,Central,First Class,Electronics,Smartwatches,5819.33,6,0.3,34915.98,24441.19,-5073.8
IND-2025-1768,2024-04-21,Customer_111,Corporate,Pune,Maharashtra,West,Second Class,Electronics,Headphones,2730.21,3,0.0,8190.63,8190.63,1139.83
IND-2025-1769,2025-07-18,Customer_195,Corporate,Delhi,Delhi NCR,North,Standard Class,Electronics,Laptops,43458.4,5,0.2,217292.0,173833.6,-20235.98
IND-2025-1770,2024-12-31,Customer_439,Corporate,Bhopal,Madhya Pradesh,Central,Standard Class,Home & Kitchen,Appliances,10503.24,3,0.4,31509.72,18905.83,-5920.6
IND-2025-1771,2025-05-29,Customer_574,Consumer,Bhopal,Madhya Pradesh,Central,Standard Class,Fashion & Apparel,Men's Clothing,2009.22,4,0.15,8036.88,6831.35,1351.27
IND-2025-1772,2024-08-25,Customer_558,Consumer,Delhi,Delhi NCR,North,First Class,Fashion & Apparel,Women's Clothing,3978.93,5,0.2,19894.65,15915.72,1612.43
IND-2025-1773,2024-10-24,Customer_680,Small Business,Lucknow,Uttar Pradesh,North,Same Day,Grocery & Essentials,Packaged Food,901.61,6,0.15,5409.66,4598.21,-151.46
IND-2025-1774,2024-04-09,Customer_565,Corporate,Bhopal,Madhya Pradesh,Central,Second Class,Electronics,Laptops,68315.87,3,0.2,204947.61,163958.09,-8295.84
IND-2025-1775,2024-10-29,Customer_362,Corporate,Ahmedabad,Gujarat,West,Second Class,Electronics,Headphones,2644.84,3,0.0,7934.52,7934.52,997.3
IND-2025-1776,2024-05-06,Customer_624,Small Business,Hyderabad,Telangana,South,First Class,Grocery & Essentials,Packaged Food,427.12,3,0.15,1281.36,1089.16,-75.31
IND-2025-1777,2025-01-17,Customer_940,Small Business,Pune,Maharashtra,West,Standard Class,Grocery & Essentials,Beverages,314.05,6,0.0,1884.3,1884.3,183.04
IND-2025-1778,2024-06-07,Customer_457,Corporate,Indore,Madhya Pradesh,Central,Same Day,Electronics,Headphones,2002.63,5,0.15,10013.15,8511.18,70.7
IND-2025-1779,2025-10-19,Customer_436,Consumer,Chennai,Tamil Nadu,South,First Class,Grocery & Essentials,Packaged Food,177.24,6,0.0,1063.44,1063.44,99.92
IND-2025-1780,2024-12-16,Customer_755,Consumer,Hyderabad,Telangana,South,First Class,Grocery & Essentials,Packaged Food,732.06,4,0.0,2928.24,2928.24,330.59
IND-2025-1781,2025-08-04,Customer_876,Small Business,Mumbai,Maharashtra,West,Same Day,Grocery & Essentials,Packaged Food,942.81,3,0.4,2828.43,1697.06,-575.71
IND-2025-1782,2024-10-03,Customer_319,Small Business,Noida,Uttar Pradesh,North,First Class,Fashion & Apparel,Men's Clothing,940.17,3,0.15,2820.51,2397.43,482.04
IND-2025-1783,2024-07-07,Customer_593,Corporate,Indore,Madhya Pradesh,Central,Second Class,Electronics,Smartphones,45798.26,4,0.1,183193.04,164873.74,12706.7
IND-2025-1784,2025-12-14,Customer_248,Corporate,Jaipur,Rajasthan,North,First Class,Home & Kitchen,Appliances,15345.24,5,0.4,76726.2,46035.72,-10866.54
IND-2025-1785,2024-01-15,Customer_561,Consumer,Ahmedabad,Gujarat,West,Same Day,Grocery & Essentials,Packaged Food,549.5,3,0.0,1648.5,1648.5,215.23
IND-2025-1786,2025-10-16,Customer_314,Consumer,Hyderabad,Telangana,South,Standard Class,Electronics,Smartphones,18744.91,2,0.15,37489.82,31866.35,-136.53
IND-2025-1787,2025-01-14,Customer_523,Corporate,Indore,Madhya Pradesh,Central,First Class,Home & Kitchen,Cookware,1905.83,3,0.2,5717.49,4573.99,-114.87
IND-2025-1788,2024-12-26,Customer_266,Small Business,Indore,Madhya Pradesh,Central,Same Day,Grocery & Essentials,Beverages,586.52,3,0.0,1759.56,1759.56,208.85
IND-2025-1789,2025-01-25,Customer_116,Small Business,Noida,Uttar Pradesh,North,Same Day,Grocery & Essentials,Beverages,227.29,5,0.4,1136.45,681.87,-268.47
IND-2025-1790,2024-04-16,Customer_490,Consumer,Bengaluru,Karnataka,South,Second Class,Electronics,Smartwatches,6026.89,1,0.3,6026.89,4218.82,-914.67
IND-2025-1791,2025-04-25,Customer_619,Corporate,Pune,Maharashtra,West,First Class,Home & Kitchen,Appliances,9194.02,6,0.3,55164.12,38614.88,-3392.31
IND-2025-1792,2025-11-05,Customer_631,Small Business,Noida,Uttar Pradesh,North,First Class,Home & Kitchen,Appliances,13099.51,1,0.15,13099.51,11134.58,810.22
IND-2025-1793,2024-12-09,Customer_539,Consumer,Ahmedabad,Gujarat,West,Same Day,Grocery & Essentials,Packaged Food,600.17,4,0.05,2400.68,2280.65,194.39
IND-2025-1794,2024-06-26,Customer_963,Small Business,Jaipur,Rajasthan,North,First Class,Home & Kitchen,Furniture,11561.02,1,0.3,11561.02,8092.71,-1035.16
IND-2025-1795,2025-07-20,Customer_656,Consumer,Ahmedabad,Gujarat,West,Same Day,Home & Kitchen,Furniture,6398.82,1,0.15,6398.82,5439.0,-54.95
IND-2025-1796,2024-01-26,Customer_351,Small Business,Patna,Bihar,East,Same Day,Fashion & Apparel,Ethnic Wear,4879.89,3,0.05,14639.67,13907.69,4515.64
IND-2025-1797,2024-09-23,Customer_710,Consumer,Kolkata,West Bengal,East,Standard Class,Electronics,Headphones,1065.48,2,0.3,2130.96,1491.67,-355.24
IND-2025-1798,2024-05-25,Customer_122,Corporate,Noida,Uttar Pradesh,North,Standard Class,Home & Kitchen,Furniture,6391.66,4,0.4,25566.64,15339.98,-4282.86
IND-2025-1799,2025-05-13,Customer_282,Small Business,Kolkata,West Bengal,East,Standard Class,Electronics,Laptops,64366.82,4,0.1,257467.28,231720.55,11744.56
IND-2025-1800,2024-04-30,Customer_720,Consumer,Lucknow,Uttar Pradesh,North,Standard Class,Home & Kitchen,Appliances,17923.74,5,0.2,89618.7,71694.96,-4080.51
IND-2025-1801,2025-06-14,Customer_229,Corporate,Chennai,Tamil Nadu,South,First Class,Fashion & Apparel,Women's Clothing,3574.0,1,0.05,3574.0,3395.3,715.68
IND-2025-1802,2025-05-08,Customer_297,Corporate,Delhi,Delhi NCR,North,Second Class,Electronics,Headphones,3065.87,6,0.1,18395.22,16555.7,618.58
IND-2025-1803,2024-07-21,Customer_556,Corporate,Kolkata,West Bengal,East,First Class,Home & Kitchen,Appliances,4543.42,5,0.1,22717.1,20445.39,2532.53
IND-2025-1804,2024-11-22,Customer_134,Small Business,Hyderabad,Telangana,South,First Class,Electronics,Smartwatches,5434.5,5,0.1,27172.5,24455.25,731.62
IND-2025-1805,2025-08-23,Customer_320,Small Business,Jaipur,Rajasthan,North,First Class,Home & Kitchen,Home Decor,1495.77,1,0.05,1495.77,1420.98,162.23
IND-2025-1806,2025-01-15,Customer_338,Small Business,Ahmedabad,Gujarat,West,Standard Class,Home & Kitchen,Cookware,1028.9,6,0.0,6173.4,6173.4,1381.43
IND-2025-1807,2025-01-29,Customer_761,Corporate,Noida,Uttar Pradesh,North,Same Day,Fashion & Apparel,Women's Clothing,1129.34,3,0.3,3388.02,2371.61,53.37
IND-2025-1808,2024-11-21,Customer_715,Corporate,Indore,Madhya Pradesh,Central,Same Day,Home & Kitchen,Furniture,7956.85,4,0.15,31827.4,27053.29,-392.17
IND-2025-1809,2024-08-30,Customer_646,Small Business,Hyderabad,Telangana,South,Standard Class,Electronics,Headphones,857.08,5,0.0,4285.4,4285.4,826.79
IND-2025-1810,2024-12-11,Customer_893,Corporate,Kolkata,West Bengal,East,Same Day,Electronics,Smartphones,28795.73,4,0.3,115182.92,80628.04,-17409.22
IND-2025-1811,2025-09-19,Customer_732,Consumer,Mumbai,Maharashtra,West,Standard Class,Grocery & Essentials,Personal Care,881.28,4,0.15,3525.12,2996.35,-221.21
IND-2025-1812,2024-08-17,Customer_931,Corporate,Mumbai,Maharashtra,West,Standard Class,Electronics,Laptops,35256.78,3,0.4,105770.34,63462.2,-19355.47
IND-2025-1813,2025-12-05,Customer_910,Corporate,Indore,Madhya Pradesh,Central,First Class,Electronics,Headphones,3626.62,1,0.0,3626.62,3626.62,449.12
IND-2025-1814,2025-12-16,Customer_752,Corporate,Ahmedabad,Gujarat,West,Standard Class,Fashion & Apparel,Ethnic Wear,1895.43,3,0.4,5686.29,3411.77,-485.77
IND-2025-1815,2025-06-18,Customer_828,Consumer,Chennai,Tamil Nadu,South,First Class,Fashion & Apparel,Ethnic Wear,5035.36,3,0.1,15106.08,13595.47,2751.8
IND-2025-1816,2025-07-25,Customer_292,Corporate,Indore,Madhya Pradesh,Central,Standard Class,Fashion & Apparel,Women's Clothing,3023.89,1,0.15,3023.89,2570.31,184.98
IND-2025-1817,2024-12-14,Customer_494,Corporate,Delhi,Delhi NCR,North,Second Class,Home & Kitchen,Home Decor,2271.28,6,0.05,13627.68,12946.3,1384.06
IND-2025-1818,2025-02-13,Customer_209,Small Business,Delhi,Delhi NCR,North,Standard Class,Electronics,Headphones,2153.9,6,0.1,12923.4,11631.06,885.35
IND-2025-1819,2024-09-03,Customer_462,Corporate,Mumbai,Maharashtra,West,Second Class,Grocery & Essentials,Packaged Food,340.08,4,0.3,1360.32,952.22,-229.94
IND-2025-1820,2024-06-03,Customer_298,Corporate,Jaipur,Rajasthan,North,Second Class,Grocery & Essentials,Beverages,253.54,4,0.1,1014.16,912.74,22.78
IND-2025-1821,2025-02-16,Customer_136,Small Business,Ahmedabad,Gujarat,West,First Class,Home & Kitchen,Appliances,10779.28,1,0.3,10779.28,7545.5,-1475.59
IND-2025-1822,2024-09-01,Customer_808,Corporate,Pune,Maharashtra,West,Same Day,Electronics,Headphones,1524.69,5,0.3,7623.45,5336.41,-975.14
IND-2025-1823,2024-07-29,Customer_737,Corporate,Ahmedabad,Gujarat,West,First Class,Fashion & Apparel,Footwear,3547.6,6,0.2,21285.6,17028.48,178.22
IND-2025-1824,2025-12-05,Customer_538,Corporate,Delhi,Delhi NCR,North,Standard Class,Fashion & Apparel,Footwear,3725.77,2,0.05,7451.54,7078.96,1828.37
IND-2025-1825,2024-06-30,Customer_583,Consumer,Noida,Uttar Pradesh,North,Standard Class,Electronics,Laptops,63960.15,1,0.2,63960.15,51168.12,-4698.69
IND-2025-1826,2024-01-18,Customer_563,Corporate,Hyderabad,Telangana,South,First Class,Home & Kitchen,Furniture,12879.04,2,0.4,25758.08,15454.85,-4488.11
IND-2025-1827,2025-07-12,Customer_977,Small Business,Noida,Uttar Pradesh,North,Same Day,Grocery & Essentials,Personal Care,532.5,1,0.4,532.5,319.5,-110.48
IND-2025-1828,2024-04-25,Customer_812,Corporate,Noida,Uttar Pradesh,North,First Class,Electronics,Laptops,78931.87,2,0.3,157863.74,110504.62,-17733.01
IND-2025-1829,2024-07-30,Customer_560,Small Business,Patna,Bihar,East,Second Class,Electronics,Laptops,76032.36,4,0.3,304129.44,212890.61,-49255.54
IND-2025-1830,2024-09-28,Customer_727,Consumer,Kolkata,West Bengal,East,Same Day,Home & Kitchen,Home Decor,1477.57,4,0.1,5910.28,5319.25,519.21
IND-2025-1831,2025-04-10,Customer_396,Small Business,Hyderabad,Telangana,South,Second Class,Home & Kitchen,Home Decor,775.48,1,0.15,775.48,659.16,38.57
IND-2025-1832,2024-11-06,Customer_413,Consumer,Bengaluru,Karnataka,South,Same Day,Home & Kitchen,Cookware,3399.36,1,0.15,3399.36,2889.46,136.09
IND-2025-1833,2024-12-26,Customer_188,Small Business,Kolkata,West Bengal,East,First Class,Electronics,Smartphones,20057.34,3,0.1,60172.02,54154.82,3402.06
IND-2025-1834,2024-05-26,Customer_752,Corporate,Patna,Bihar,East,Same Day,Fashion & Apparel,Ethnic Wear,4594.3,1,0.1,4594.3,4134.87,831.01
IND-2025-1835,2025-02-12,Customer_886,Consumer,Pune,Maharashtra,West,First Class,Home & Kitchen,Home Decor,1992.6,2,0.2,3985.2,3188.16,46.45
IND-2025-1836,2024-05-18,Customer_953,Corporate,Jaipur,Rajasthan,North,Standard Class,Fashion & Apparel,Footwear,2219.98,3,0.2,6659.94,5327.95,421.83
IND-2025-1837,2024-05-21,Customer_572,Consumer,Chennai,Tamil Nadu,South,Standard Class,Grocery & Essentials,Beverages,242.9,6,0.3,1457.4,1020.18,-216.99
IND-2025-1838,2025-03-07,Customer_154,Corporate,Pune,Maharashtra,West,Second Class,Fashion & Apparel,Footwear,4146.53,5,0.2,20732.65,16586.12,1710.58
IND-2025-1839,2025-02-16,Customer_209,Corporate,Kolkata,West Bengal,East,Standard Class,Electronics,Smartwatches,8459.85,5,0.15,42299.25,35954.36,256.56
IND-2025-1840,2024-10-24,Customer_309,Small Business,Hyderabad,Telangana,South,Second Class,Grocery & Essentials,Beverages,252.28,1,0.0,252.28,252.28,21.12
IND-2025-1841,2025-07-29,Customer_106,Corporate,Patna,Bihar,East,Second Class,Grocery & Essentials,Packaged Food,301.19,6,0.3,1807.14,1265.0,-266.61
IND-2025-1842,2024-04-27,Customer_554,Corporate,Pune,Maharashtra,West,Standard Class,Electronics,Laptops,60189.53,1,0.2,60189.53,48151.62,-5405.06
IND-2025-1843,2024-05-04,Customer_773,Small Business,Noida,Uttar Pradesh,North,Standard Class,Grocery & Essentials,Personal Care,1181.83,2,0.4,2363.66,1418.2,-523.69
IND-2025-1844,2025-03-18,Customer_591,Corporate,Ahmedabad,Gujarat,West,First Class,Electronics,Laptops,37084.31,6,0.3,222505.86,155754.1,-34382.01
IND-2025-1845,2025-11-14,Customer_128,Corporate,Pune,Maharashtra,West,Same Day,Grocery & Essentials,Personal Care,851.08,4,0.15,3404.32,2893.67,-203.31
IND-2025-1846,2024-05-03,Customer_463,Consumer,Hyderabad,Telangana,South,Same Day,Grocery & Essentials,Packaged Food,622.48,1,0.3,622.48,435.74,-94.31
IND-2025-1847,2025-04-14,Customer_771,Consumer,Noida,Uttar Pradesh,North,First Class,Electronics,Laptops,47887.38,5,0.05,239436.9,227465.05,19995.71
IND-2025-1848,2025-11-02,Customer_959,Small Business,Patna,Bihar,East,Same Day,Home & Kitchen,Appliances,13727.73,2,0.1,27455.46,24709.91,3707.77
IND-2025-1849,2025-01-20,Customer_146,Consumer,Bengaluru,Karnataka,South,Second Class,Fashion & Apparel,Footwear,1517.69,3,0.2,4553.07,3642.46,226.61
IND-2025-1850,2024-08-25,Customer_342,Consumer,Pune,Maharashtra,West,Second Class,Electronics,Smartwatches,9473.87,4,0.1,37895.48,34105.93,2073.39
IND-2025-1851,2025-01-28,Customer_746,Consumer,Bhopal,Madhya Pradesh,Central,Second Class,Grocery & Essentials,Packaged Food,155.73,3,0.0,467.19,467.19,49.62
IND-2025-1852,2024-11-24,Customer_330,Consumer,Pune,Maharashtra,West,Second Class,Grocery & Essentials,Personal Care,289.88,6,0.2,1739.28,1391.42,-156.51
IND-2025-1853,2025-03-20,Customer_892,Corporate,Indore,Madhya Pradesh,Central,Standard Class,Fashion & Apparel,Men's Clothing,1997.06,6,0.3,11982.36,8387.65,-880.82
IND-2025-1854,2024-12-14,Customer_241,Consumer,Ahmedabad,Gujarat,West,Same Day,Grocery & Essentials,Packaged Food,849.16,5,0.4,4245.8,2547.48,-919.36
IND-2025-1855,2025-03-13,Customer_653,Corporate,Kolkata,West Bengal,East,Standard Class,Grocery & Essentials,Packaged Food,612.24,2,0.4,1224.48,734.69,-291.23
IND-2025-1856,2024-08-17,Customer_347,Small Business,Indore,Madhya Pradesh,Central,First Class,Home & Kitchen,Home Decor,1476.07,3,0.0,4428.21,4428.21,830.06
IND-2025-1857,2025-02-12,Customer_883,Consumer,Hyderabad,Telangana,South,Second Class,Electronics,Smartphones,33310.9,3,0.3,99932.7,69952.89,-16620.93
IND-2025-1858,2024-07-28,Customer_136,Corporate,Chennai,Tamil Nadu,South,Standard Class,Home & Kitchen,Cookware,1706.85,1,0.4,1706.85,1024.11,-244.35
IND-2025-1859,2025-03-02,Customer_541,Corporate,Hyderabad,Telangana,South,First Class,Electronics,Smartwatches,9572.81,3,0.3,28718.43,20102.9,-4757.57
IND-2025-1860,2024-08-21,Customer_593,Consumer,Mumbai,Maharashtra,West,Same Day,Electronics,Smartphones,40944.53,2,0.2,81889.06,65511.25,-4674.15
IND-2025-1861,2025-01-21,Customer_460,Consumer,Patna,Bihar,East,First Class,Fashion & Apparel,Ethnic Wear,5267.76,5,0.05,26338.8,25021.86,5197.01
IND-2025-1862,2025-03-23,Customer_146,Consumer,Mumbai,Maharashtra,West,Second Class,Fashion & Apparel,Women's Clothing,1094.37,1,0.05,1094.37,1039.65,314.89
IND-2025-1863,2024-02-28,Customer_232,Small Business,Pune,Maharashtra,West,Same Day,Electronics,Laptops,51927.79,3,0.0,155783.37,155783.37,22608.85
IND-2025-1864,2025-05-05,Customer_325,Corporate,Kolkata,West Bengal,East,First Class,Electronics,Smartphones,13055.11,5,0.05,65275.55,62011.77,6176.02
IND-2025-1865,2025-01-10,Customer_822,Small Business,Bhopal,Madhya Pradesh,Central,Same Day,Home & Kitchen,Furniture,12902.66,3,0.1,38707.98,34837.18,1289.66
IND-2025-1866,2024-10-13,Customer_906,Consumer,Pune,Maharashtra,West,Standard Class,Fashion & Apparel,Women's Clothing,3492.56,5,0.05,17462.8,16589.66,4528.06
IND-2025-1867,2024-08-28,Customer_947,Consumer,Patna,Bihar,East,Standard Class,Grocery & Essentials,Beverages,477.38,1,0.0,477.38,477.38,51.03
IND-2025-1868,2024-10-12,Customer_645,Consumer,Indore,Madhya Pradesh,Central,First Class,Grocery & Essentials,Personal Care,169.79,4,0.15,679.16,577.29,-31.06
IND-2025-1869,2024-02-02,Customer_449,Small Business,Chennai,Tamil Nadu,South,Same Day,Home & Kitchen,Cookware,3730.16,3,0.4,11190.48,6714.29,-1699.89
IND-2025-1870,2025-03-13,Customer_836,Small Business,Bhopal,Madhya Pradesh,Central,First Class,Electronics,Smartphones,32131.77,6,0.3,192790.62,134953.43,-29285.77
IND-2025-1871,2024-06-15,Customer_355,Small Business,Jaipur,Rajasthan,North,First Class,Grocery & Essentials,Beverages,596.16,2,0.05,1192.32,1132.7,44.41
IND-2025-1872,2024-12-11,Customer_227,Corporate,Hyderabad,Telangana,South,First Class,Grocery & Essentials,Packaged Food,653.99,3,0.1,1961.97,1765.77,4.52
IND-2025-1873,2024-09-27,Customer_323,Corporate,Indore,Madhya Pradesh,Central,Standard Class,Fashion & Apparel,Ethnic Wear,3883.8,4,0.0,15535.2,15535.2,6134.58
IND-2025-1874,2025-08-16,Customer_332,Small Business,Pune,Maharashtra,West,Second Class,Home & Kitchen,Home Decor,2883.23,4,0.05,11532.92,10956.27,1355.73
IND-2025-1875,2024-05-30,Customer_834,Consumer,Indore,Madhya Pradesh,Central,Standard Class,Electronics,Laptops,35722.33,1,0.05,35722.33,33936.21,3894.36
IND-2025-1876,2024-09-22,Customer_179,Consumer,Noida,Uttar Pradesh,North,Second Class,Electronics,Headphones,2529.41,1,0.2,2529.41,2023.53,-204.83
IND-2025-1877,2024-11-29,Customer_517,Small Business,Hyderabad,Telangana,South,First Class,Home & Kitchen,Appliances,4070.9,4,0.1,16283.6,14655.24,1941.25
IND-2025-1878,2025-04-26,Customer_623,Small Business,Noida,Uttar Pradesh,North,First Class,Electronics,Laptops,48415.1,3,0.05,145245.3,137983.03,18344.82
IND-2025-1879,2024-08-08,Customer_688,Small Business,Jaipur,Rajasthan,North,Same Day,Electronics,Laptops,49054.48,6,0.0,294326.88,294326.88,57810.02
IND-2025-1880,2025-07-05,Customer_349,Corporate,Patna,Bihar,East,Second Class,Electronics,Smartphones,34284.08,6,0.2,205704.48,164563.58,-12897.36
IND-2025-1881,2025-01-05,Customer_460,Small Business,Delhi,Delhi NCR,North,Standard Class,Grocery & Essentials,Personal Care,935.6,1,0.3,935.6,654.92,-166.79
IND-2025-1882,2025-01-05,Customer_895,Corporate,Kolkata,West Bengal,East,Second Class,Grocery & Essentials,Beverages,199.78,4,0.05,799.12,759.16,43.75
IND-2025-1883,2025-09-12,Customer_891,Consumer,Noida,Uttar Pradesh,North,Second Class,Home & Kitchen,Home Decor,1284.61,1,0.15,1284.61,1091.92,49.01
IND-2025-1884,2025-04-09,Customer_541,Consumer,Mumbai,Maharashtra,West,Second Class,Fashion & Apparel,Men's Clothing,1604.7,5,0.3,8023.5,5616.45,8.02
IND-2025-1885,2024-03-15,Customer_444,Small Business,Ahmedabad,Gujarat,West,Standard Class,Grocery & Essentials,Personal Care,522.09,4,0.3,2088.36,1461.85,-317.48
IND-2025-1886,2024-02-16,Customer_851,Consumer,Pune,Maharashtra,West,Standard Class,Home & Kitchen,Appliances,16660.11,6,0.15,99960.66,84966.56,5819.85
IND-2025-1887,2024-06-04,Customer_404,Corporate,Mumbai,Maharashtra,West,First Class,Home & Kitchen,Appliances,8690.62,4,0.05,34762.48,33024.36,7028.24
IND-2025-1888,2024-02-19,Customer_848,Consumer,Hyderabad,Telangana,South,Same Day,Grocery & Essentials,Personal Care,488.94,3,0.4,1466.82,880.09,-306.78
IND-2025-1889,2025-06-15,Customer_365,Small Business,Noida,Uttar Pradesh,North,Standard Class,Home & Kitchen,Cookware,2042.04,2,0.0,4084.08,4084.08,731.35
IND-2025-1890,2024-08-25,Customer_652,Small Business,Kolkata,West Bengal,East,Second Class,Home & Kitchen,Furniture,6439.64,5,0.4,32198.2,19318.92,-4872.41
IND-2025-1891,2024-01-07,Customer_212,Small Business,Bengaluru,Karnataka,South,Standard Class,Electronics,Headphones,1450.05,5,0.15,7250.25,6162.71,-8.83
IND-2025-1892,2025-03-31,Customer_912,Consumer,Jaipur,Rajasthan,North,Standard Class,Grocery & Essentials,Personal Care,241.21,2,0.1,482.42,434.18,-14.96
IND-2025-1893,2024-11-30,Customer_139,Corporate,Ahmedabad,Gujarat,West,Standard Class,Home & Kitchen,Home Decor,1633.66,6,0.2,9801.96,7841.57,-4.45
IND-2025-1894,2025-12-23,Customer_240,Small Business,Bhopal,Madhya Pradesh,Central,Same Day,Home & Kitchen,Furniture,17621.47,6,0.4,105728.82,63437.29,-15701.7
IND-2025-1895,2024-08-13,Customer_190,Small Business,Kolkata,West Bengal,East,Second Class,Fashion & Apparel,Footwear,2880.46,4,0.4,11521.84,6913.1,-1074.93
IND-2025-1896,2024-01-04,Customer_697,Consumer,Jaipur,Rajasthan,North,First Class,Electronics,Smartwatches,6461.9,2,0.3,12923.8,9046.66,-2042.29
IND-2025-1897,2025-05-10,Customer_592,Corporate,Chennai,Tamil Nadu,South,Standard Class,Fashion & Apparel,Footwear,4362.77,3,0.3,13088.31,9161.82,87.15
IND-2025-1898,2024-08-12,Customer_216,Corporate,Pune,Maharashtra,West,Same Day,Home & Kitchen,Appliances,17540.43,3,0.05,52621.29,49990.23,7519.31
IND-2025-1899,2025-12-22,Customer_518,Consumer,Ahmedabad,Gujarat,West,First Class,Grocery & Essentials,Personal Care,781.11,6,0.05,4686.66,4452.33,354.27
IND-2025-1900,2024-09-24,Customer_447,Small Business,Kolkata,West Bengal,East,Standard Class,Home & Kitchen,Appliances,8870.68,4,0.15,35482.72,30160.31,147.22
IND-2025-1901,2024-11-11,Customer_437,Consumer,Bengaluru,Karnataka,South,Standard Class,Grocery & Essentials,Packaged Food,615.26,2,0.2,1230.52,984.42,-115.24
IND-2025-1902,2024-01-22,Customer_470,Small Business,Bhopal,Madhya Pradesh,Central,Second Class,Grocery & Essentials,Packaged Food,802.39,3,0.1,2407.17,2166.45,-8.0
IND-2025-1903,2024-06-09,Customer_136,Consumer,Indore,Madhya Pradesh,Central,Standard Class,Grocery & Essentials,Beverages,199.25,2,0.1,398.5,358.65,9.25
IND-2025-1904,2025-05-28,Customer_226,Corporate,Jaipur,Rajasthan,North,Same Day,Grocery & Essentials,Packaged Food,241.25,3,0.0,723.75,723.75,71.7
IND-2025-1905,2024-05-14,Customer_654,Small Business,Indore,Madhya Pradesh,Central,Second Class,Home & Kitchen,Cookware,1229.58,5,0.3,6147.9,4303.53,-892.47
IND-2025-1906,2024-04-07,Customer_307,Consumer,Patna,Bihar,East,First Class,Grocery & Essentials,Packaged Food,848.32,3,0.4,2544.96,1526.98,-581.5
IND-2025-1907,2025-11-02,Customer_646,Small Business,Hyderabad,Telangana,South,Second Class,Grocery & Essentials,Personal Care,455.8,1,0.05,455.8,433.01,36.17
IND-2025-1908,2025-01-26,Customer_506,Consumer,Mumbai,Maharashtra,West,Same Day,Grocery & Essentials,Beverages,284.7,3,0.4,854.1,512.46,-170.0
IND-2025-1909,2025-01-13,Customer_355,Consumer,Bengaluru,Karnataka,South,Second Class,Electronics,Headphones,1863.79,6,0.0,11182.74,11182.74,1427.27
IND-2025-1910,2025-02-16,Customer_445,Consumer,Hyderabad,Telangana,South,Standard Class,Grocery & Essentials,Beverages,455.98,5,0.4,2279.9,1367.94,-517.35
IND-2025-1911,2024-11-25,Customer_341,Corporate,Patna,Bihar,East,Same Day,Grocery & Essentials,Packaged Food,341.33,2,0.4,682.66,409.6,-136.33
IND-2025-1912,2025-12-26,Customer_302,Corporate,Bengaluru,Karnataka,South,Standard Class,Electronics,Smartphones,27028.08,1,0.15,27028.08,22973.87,-1144.5
IND-2025-1913,2024-02-09,Customer_220,Corporate,Jaipur,Rajasthan,North,First Class,Grocery & Essentials,Packaged Food,663.55,5,0.15,3317.75,2820.09,-280.18
IND-2025-1914,2025-11-23,Customer_480,Small Business,Noida,Uttar Pradesh,North,First Class,Home & Kitchen,Home Decor,1909.53,2,0.05,3819.06,3628.11,705.18
IND-2025-1915,2025-04-28,Customer_425,Corporate,Bengaluru,Karnataka,South,Second Class,Fashion & Apparel,Footwear,4708.32,6,0.4,28249.92,16949.95,-3480.91
IND-2025-1916,2024-06-02,Customer_579,Small Business,Bengaluru,Karnataka,South,Second Class,Electronics,Smartphones,22473.62,2,0.05,44947.24,42699.88,4932.84
IND-2025-1917,2024-03-09,Customer_476,Small Business,Lucknow,Uttar Pradesh,North,Same Day,Fashion & Apparel,Footwear,3515.29,2,0.1,7030.58,6327.52,1687.72
IND-2025-1918,2024-09-17,Customer_634,Small Business,Chennai,Tamil Nadu,South,Same Day,Fashion & Apparel,Men's Clothing,2022.33,1,0.3,2022.33,1415.63,-117.85
IND-2025-1919,2024-12-04,Customer_246,Consumer,Hyderabad,Telangana,South,Same Day,Home & Kitchen,Appliances,6139.6,1,0.4,6139.6,3683.76,-770.49
IND-2025-1920,2024-01-01,Customer_673,Corporate,Lucknow,Uttar Pradesh,North,Same Day,Electronics,Smartphones,15479.0,4,0.15,61916.0,52628.6,-358.54
IND-2025-1921,2025-01-29,Customer_748,Corporate,Patna,Bihar,East,Second Class,Grocery & Essentials,Personal Care,477.35,5,0.1,2386.75,2148.08,57.73
IND-2025-1922,2025-03-23,Customer_986,Corporate,Chennai,Tamil Nadu,South,Same Day,Grocery & Essentials,Personal Care,879.85,3,0.3,2639.55,1847.68,-494.33
IND-2025-1923,2025-11-17,Customer_469,Small Business,Lucknow,Uttar Pradesh,North,Second Class,Grocery & Essentials,Packaged Food,655.28,2,0.15,1310.56,1113.98,-96.13
IND-2025-1924,2024-01-06,Customer_757,Corporate,Hyderabad,Telangana,South,Same Day,Home & Kitchen,Home Decor,735.27,3,0.1,2205.81,1985.23,130.02
IND-2025-1925,2024-02-14,Customer_565,Corporate,Patna,Bihar,East,Second Class,Home & Kitchen,Home Decor,2063.18,5,0.4,10315.9,6189.54,-1663.72
IND-2025-1926,2025-04-29,Customer_529,Consumer,Patna,Bihar,East,Standard Class,Electronics,Smartphones,24781.35,5,0.3,123906.75,86734.72,-19753.37
IND-2025-1927,2025-03-30,Customer_957,Small Business,Kolkata,West Bengal,East,First Class,Electronics,Headphones,1111.92,5,0.1,5559.6,5003.64,393.65
IND-2025-1928,2025-12-27,Customer_613,Consumer,Ahmedabad,Gujarat,West,First Class,Home & Kitchen,Cookware,3821.64,4,0.15,15286.56,12993.58,-280.09
IND-2025-1929,2024-03-26,Customer_103,Corporate,Ahmedabad,Gujarat,West,First Class,Grocery & Essentials,Packaged Food,347.97,2,0.3,695.94,487.16,-107.83
IND-2025-1930,2025-07-28,Customer_847,Consumer,Lucknow,Uttar Pradesh,North,Second Class,Electronics,Headphones,2292.01,6,0.0,13752.06,13752.06,2273.15
IND-2025-1931,2024-11-21,Customer_957,Small Business,Hyderabad,Telangana,South,Second Class,Electronics,Laptops,69436.83,2,0.3,138873.66,97211.56,-20418.09
IND-2025-1932,2024-05-15,Customer_304,Consumer,Noida,Uttar Pradesh,North,First Class,Electronics,Smartwatches,7647.31,2,0.1,15294.62,13765.16,154.64
IND-2025-1933,2024-09-22,Customer_803,Consumer,Patna,Bihar,East,Standard Class,Grocery & Essentials,Personal Care,247.03,3,0.2,741.09,592.87,-60.43
IND-2025-1934,2025-08-22,Customer_615,Small Business,Jaipur,Rajasthan,North,First Class,Fashion & Apparel,Women's Clothing,3980.02,4,0.1,15920.08,14328.07,3328.45
IND-2025-1935,2024-04-02,Customer_578,Small Business,Chennai,Tamil Nadu,South,First Class,Fashion & Apparel,Footwear,1873.02,3,0.0,5619.06,5619.06,1840.55
IND-2025-1936,2025-01-16,Customer_531,Corporate,Hyderabad,Telangana,South,First Class,Grocery & Essentials,Beverages,385.96,1,0.1,385.96,347.36,-13.7
IND-2025-1937,2024-12-10,Customer_567,Small Business,Kolkata,West Bengal,East,Same Day,Electronics,Laptops,75657.44,3,0.05,226972.32,215623.7,20990.38
IND-2025-1938,2025-02-12,Customer_339,Small Business,Bengaluru,Karnataka,South,Standard Class,Fashion & Apparel,Footwear,3893.49,5,0.1,19467.45,17520.71,3331.97
IND-2025-1939,2025-03-07,Customer_636,Consumer,Jaipur,Rajasthan,North,Second Class,Home & Kitchen,Appliances,11896.14,2,0.2,23792.28,19033.82,-236.2
IND-2025-1940,2024-05-13,Customer_100,Small Business,Kolkata,West Bengal,East,Second Class,Home & Kitchen,Cookware,3910.98,3,0.4,11732.94,7039.76,-1903.32
IND-2025-1941,2024-07-24,Customer_965,Corporate,Ahmedabad,Gujarat,West,Standard Class,Home & Kitchen,Home Decor,700.94,2,0.4,1401.88,841.13,-250.81
IND-2025-1942,2025-05-03,Customer_823,Consumer,Ahmedabad,Gujarat,West,Standard Class,Home & Kitchen,Cookware,2412.4,6,0.15,14474.4,12303.24,700.01
IND-2025-1943,2025-01-31,Customer_173,Corporate,Ahmedabad,Gujarat,West,Same Day,Home & Kitchen,Furniture,10998.25,3,0.1,32994.75,29695.28,2529.95
IND-2025-1944,2025-11-16,Customer_713,Corporate,Patna,Bihar,East,Standard Class,Electronics,Laptops,74279.41,2,0.4,148558.82,89135.29,-30411.84
IND-2025-1945,2025-10-23,Customer_391,Corporate,Delhi,Delhi NCR,North,Same Day,Fashion & Apparel,Ethnic Wear,2290.23,2,0.1,4580.46,4122.41,745.9
IND-2025-1946,2025-11-22,Customer_184,Corporate,Indore,Madhya Pradesh,Central,Standard Class,Grocery & Essentials,Packaged Food,334.92,4,0.05,1339.68,1272.7,66.87
IND-2025-1947,2025-11-02,Customer_786,Corporate,Indore,Madhya Pradesh,Central,Same Day,Grocery & Essentials,Packaged Food,244.8,2,0.2,489.6,391.68,-44.74
IND-2025-1948,2024-02-25,Customer_829,Corporate,Noida,Uttar Pradesh,North,First Class,Grocery & Essentials,Personal Care,929.17,1,0.2,929.17,743.34,-78.3
IND-2025-1949,2024-04-24,Customer_704,Corporate,Bhopal,Madhya Pradesh,Central,Second Class,Fashion & Apparel,Ethnic Wear,4283.93,4,0.4,17135.72,10281.43,-2132.8
IND-2025-1950,2025-06-11,Customer_802,Corporate,Indore,Madhya Pradesh,Central,First Class,Grocery & Essentials,Personal Care,200.97,3,0.0,602.91,602.91,85.76
IND-2025-1951,2025-03-11,Customer_710,Consumer,Lucknow,Uttar Pradesh,North,First Class,Home & Kitchen,Cookware,2628.25,2,0.1,5256.5,4730.85,341.58
IND-2025-1952,2024-02-07,Customer_453,Corporate,Chennai,Tamil Nadu,South,Second Class,Grocery & Essentials,Packaged Food,257.71,5,0.0,1288.55,1288.55,183.61
IND-2025-1953,2025-06-20,Customer_491,Small Business,Hyderabad,Telangana,South,Standard Class,Grocery & Essentials,Packaged Food,168.88,3,0.0,506.64,506.64,71.81
IND-2025-1954,2024-12-11,Customer_543,Consumer,Kolkata,West Bengal,East,Second Class,Home & Kitchen,Appliances,9011.09,2,0.3,18022.18,12615.53,-1201.25
IND-2025-1955,2025-08-07,Customer_805,Consumer,Noida,Uttar Pradesh,North,First Class,Home & Kitchen,Furniture,15413.86,1,0.1,15413.86,13872.47,2103.24
IND-2025-1956,2025-05-28,Customer_232,Corporate,Kolkata,West Bengal,East,First Class,Electronics,Smartwatches,9277.97,6,0.1,55667.82,50101.04,1092.92
IND-2025-1957,2025-04-18,Customer_946,Corporate,Hyderabad,Telangana,South,Same Day,Home & Kitchen,Cookware,1663.97,1,0.3,1663.97,1164.78,-201.02
IND-2025-1958,2025-10-12,Customer_974,Small Business,Hyderabad,Telangana,South,Same Day,Home & Kitchen,Appliances,10134.04,5,0.0,50670.2,50670.2,13019.29
IND-2025-1959,2024-08-03,Customer_453,Consumer,Chennai,Tamil Nadu,South,Second Class,Fashion & Apparel,Ethnic Wear,2683.02,1,0.3,2683.02,1878.11,66.03
IND-2025-1960,2025-06-26,Customer_678,Corporate,Lucknow,Uttar Pradesh,North,Same Day,Home & Kitchen,Home Decor,2377.14,4,0.3,9508.56,6655.99,-891.62
IND-2025-1961,2024-01-24,Customer_323,Consumer,Bhopal,Madhya Pradesh,Central,Standard Class,Home & Kitchen,Appliances,17845.2,4,0.2,71380.8,57104.64,1168.18
IND-2025-1962,2025-08-07,Customer_385,Corporate,Noida,Uttar Pradesh,North,First Class,Fashion & Apparel,Women's Clothing,3254.0,6,0.15,19524.0,16595.4,2037.98
IND-2025-1963,2025-10-07,Customer_994,Consumer,Pune,Maharashtra,West,Same Day,Home & Kitchen,Appliances,6376.49,4,0.15,25505.96,21680.07,1955.36
IND-2025-1964,2024-10-22,Customer_751,Consumer,Mumbai,Maharashtra,West,Second Class,Home & Kitchen,Appliances,12842.86,6,0.0,77057.16,77057.16,21318.03
IND-2025-1965,2024-05-21,Customer_479,Consumer,Hyderabad,Telangana,South,Same Day,Electronics,Smartwatches,9563.91,3,0.2,28691.73,22953.38,-2295.45
IND-2025-1966,2025-07-19,Customer_235,Corporate,Chennai,Tamil Nadu,South,Standard Class,Fashion & Apparel,Women's Clothing,2264.86,6,0.4,13589.16,8153.5,-1297.83
IND-2025-1967,2024-02-01,Customer_213,Small Business,Delhi,Delhi NCR,North,First Class,Grocery & Essentials,Personal Care,407.3,5,0.15,2036.5,1731.02,-112.49
IND-2025-1968,2024-06-12,Customer_982,Corporate,Delhi,Delhi NCR,North,Standard Class,Grocery & Essentials,Beverages,580.49,1,0.3,580.49,406.34,-85.46
IND-2025-1969,2025-03-03,Customer_472,Corporate,Noida,Uttar Pradesh,North,Same Day,Electronics,Smartphones,27540.84,6,0.0,165245.04,165245.04,23702.26
IND-2025-1970,2025-03-14,Customer_522,Small Business,Bhopal,Madhya Pradesh,Central,First Class,Electronics,Smartphones,15839.35,3,0.4,47518.05,28510.83,-8381.66
IND-2025-1971,2024-05-25,Customer_875,Corporate,Delhi,Delhi NCR,North,First Class,Grocery & Essentials,Packaged Food,338.06,3,0.3,1014.18,709.93,-161.38
IND-2025-1972,2024-10-29,Customer_395,Consumer,Patna,Bihar,East,Second Class,Grocery & Essentials,Personal Care,976.74,6,0.1,5860.44,5274.4,-156.32
IND-2025-1973,2025-01-14,Customer_258,Small Business,Hyderabad,Telangana,South,Second Class,Home & Kitchen,Home Decor,1266.66,6,0.05,7599.96,7219.96,1319.09
IND-2025-1974,2024-05-30,Customer_472,Small Business,Hyderabad,Telangana,South,Same Day,Home & Kitchen,Appliances,6859.59,2,0.0,13719.18,13719.18,2322.48
IND-2025-1975,2025-05-03,Customer_763,Consumer,Hyderabad,Telangana,South,Same Day,Fashion & Apparel,Footwear,3575.41,5,0.4,17877.05,10726.23,-1625.02
IND-2025-1976,2024-06-28,Customer_846,Consumer,Bengaluru,Karnataka,South,Second Class,Grocery & Essentials,Packaged Food,701.87,1,0.1,701.87,631.68,1.65
IND-2025-1977,2024-12-31,Customer_859,Consumer,Bengaluru,Karnataka,South,First Class,Grocery & Essentials,Beverages,554.61,1,0.4,554.61,332.77,-112.19
IND-2025-1978,2025-11-11,Customer_993,Consumer,Mumbai,Maharashtra,West,Standard Class,Grocery & Essentials,Beverages,131.4,3,0.2,394.2,315.36,-34.09
IND-2025-1979,2025-04-02,Customer_567,Consumer,Hyderabad,Telangana,South,Standard Class,Fashion & Apparel,Women's Clothing,1619.43,6,0.05,9716.58,9230.75,2654.96
IND-2025-1980,2025-09-15,Customer_312,Consumer,Noida,Uttar Pradesh,North,Second Class,Home & Kitchen,Cookware,3229.33,6,0.4,19375.98,11625.59,-3636.12
IND-2025-1981,2025-08-22,Customer_587,Consumer,Bhopal,Madhya Pradesh,Central,Standard Class,Grocery & Essentials,Personal Care,253.18,1,0.1,253.18,227.86,-2.07
IND-2025-1982,2025-07-09,Customer_758,Consumer,Hyderabad,Telangana,South,Same Day,Fashion & Apparel,Ethnic Wear,2939.77,1,0.2,2939.77,2351.82,342.77
IND-2025-1983,2024-01-01,Customer_370,Small Business,Noida,Uttar Pradesh,North,Second Class,Grocery & Essentials,Beverages,220.79,6,0.05,1324.74,1258.5,82.02
IND-2025-1984,2024-12-15,Customer_283,Consumer,Noida,Uttar Pradesh,North,Same Day,Home & Kitchen,Appliances,4672.05,2,0.15,9344.1,7942.48,287.85
IND-2025-1985,2025-11-20,Customer_414,Small Business,Noida,Uttar Pradesh,North,First Class,Electronics,Smartwatches,4739.45,6,0.2,28436.7,22749.36,-1232.91
IND-2025-1986,2024-11-23,Customer_904,Consumer,Bhopal,Madhya Pradesh,Central,Second Class,Grocery & Essentials,Packaged Food,716.27,5,0.05,3581.35,3402.28,250.57
IND-2025-1987,2025-09-16,Customer_369,Corporate,Kolkata,West Bengal,East,First Class,Fashion & Apparel,Footwear,4826.83,4,0.3,19307.32,13515.12,-641.48
IND-2025-1988,2025-01-14,Customer_880,Corporate,Ahmedabad,Gujarat,West,Standard Class,Home & Kitchen,Home Decor,2316.77,6,0.1,13900.62,12510.56,1015.36
IND-2025-1989,2025-02-22,Customer_482,Consumer,Lucknow,Uttar Pradesh,North,First Class,Fashion & Apparel,Ethnic Wear,5648.88,1,0.4,5648.88,3389.33,-673.49
IND-2025-1990,2025-03-13,Customer_176,Consumer,Bhopal,Madhya Pradesh,Central,Second Class,Grocery & Essentials,Personal Care,735.97,6,0.05,4415.82,4195.03,164.35
IND-2025-1991,2024-11-29,Customer_386,Small Business,Patna,Bihar,East,Same Day,Grocery & Essentials,Beverages,388.33,1,0.4,388.33,233.0,-85.26
IND-2025-1992,2024-03-01,Customer_432,Small Business,Pune,Maharashtra,West,Same Day,Electronics,Headphones,1683.35,3,0.15,5050.05,4292.54,59.62
IND-2025-1993,2024-06-04,Customer_670,Small Business,Indore,Madhya Pradesh,Central,First Class,Fashion & Apparel,Footwear,3296.35,5,0.0,16481.75,16481.75,4930.95
IND-2025-1994,2025-12-07,Customer_865,Consumer,Mumbai,Maharashtra,West,Second Class,Fashion & Apparel,Men's Clothing,2689.74,6,0.3,16138.44,11296.91,379.35
IND-2025-1995,2024-11-24,Customer_243,Consumer,Bengaluru,Karnataka,South,Same Day,Fashion & Apparel,Ethnic Wear,3300.78,2,0.3,6601.56,4621.09,-328.77
IND-2025-1996,2025-03-13,Customer_994,Corporate,Jaipur,Rajasthan,North,Same Day,Grocery & Essentials,Packaged Food,848.51,1,0.2,848.51,678.81,-63.0
IND-2025-1997,2024-10-16,Customer_966,Consumer,Hyderabad,Telangana,South,Same Day,Home & Kitchen,Cookware,3203.3,5,0.0,16016.5,16016.5,3509.68
IND-2025-1998,2025-09-16,Customer_766,Corporate,Kolkata,West Bengal,East,Standard Class,Fashion & Apparel,Men's Clothing,2441.08,4,0.4,9764.32,5858.59,-950.89
IND-2025-1999,2024-07-05,Customer_106,Small Business,Kolkata,West Bengal,East,Same Day,Home & Kitchen,Appliances,10915.71,6,0.3,65494.26,45845.98,-9499.61
IND-2025-2000,2024-01-20,Customer_781,Consumer,Mumbai,Maharashtra,West,First Class,Fashion & Apparel,Footwear,2708.6,3,0.4,8125.8,4875.48,-628.06
IND-2025-2001,2025-08-13,Customer_653,Corporate,Ahmedabad,Gujarat,West,Standard Class,Fashion & Apparel,Women's Clothing,1459.66,2,0.0,2919.32,2919.32,993.41
IND-2025-2002,2024-12-01,Customer_890,Corporate,Indore,Madhya Pradesh,Central,Standard Class,Home & Kitchen,Furniture,14872.51,2,0.1,29745.02,26770.52,1613.92
IND-2025-2003,2024-05-20,Customer_310,Corporate,Bengaluru,Karnataka,South,Standard Class,Electronics,Smartwatches,2203.39,6,0.4,13220.34,7932.2,-2386.06
IND-2025-2004,2024-04-05,Customer_315,Consumer,Ahmedabad,Gujarat,West,First Class,Electronics,Laptops,67830.32,1,0.15,67830.32,57655.77,-43.16
IND-2025-2005,2025-05-04,Customer_417,Consumer,Noida,Uttar Pradesh,North,Same Day,Electronics,Smartwatches,2129.16,4,0.4,8516.64,5109.98,-1667.89
IND-2025-2006,2025-10-29,Customer_146,Consumer,Noida,Uttar Pradesh,North,Second Class,Fashion & Apparel,Men's Clothing,2161.04,4,0.15,8644.16,7347.54,1577.04
IND-2025-2007,2024-06-30,Customer_857,Small Business,Hyderabad,Telangana,South,First Class,Electronics,Laptops,55931.1,2,0.3,111862.2,78303.54,-15849.81
IND-2025-2008,2025-01-15,Customer_212,Consumer,Hyderabad,Telangana,South,Standard Class,Grocery & Essentials,Packaged Food,477.32,2,0.2,954.64,763.71,-112.48
IND-2025-2009,2025-05-24,Customer_135,Small Business,Delhi,Delhi NCR,North,Second Class,Home & Kitchen,Appliances,12379.69,3,0.2,37139.07,29711.26,-1393.29
IND-2025-2010,2025-02-21,Customer_167,Consumer,Mumbai,Maharashtra,West,Same Day,Grocery & Essentials,Beverages,455.71,2,0.05,911.42,865.85,42.77
IND-2025-2011,2025-04-20,Customer_772,Small Business,Jaipur,Rajasthan,North,First Class,Grocery & Essentials,Packaged Food,871.22,6,0.0,5227.32,5227.32,465.1
IND-2025-2012,2025-09-20,Customer_775,Consumer,Kolkata,West Bengal,East,Standard Class,Electronics,Smartwatches,5942.41,5,0.05,29712.05,28226.45,1977.73
IND-2025-2013,2025-02-17,Customer_632,Small Business,Noida,Uttar Pradesh,North,First Class,Electronics,Laptops,41311.17,2,0.3,82622.34,57835.64,-10829.75
IND-2025-2014,2024-05-14,Customer_149,Consumer,Lucknow,Uttar Pradesh,North,Second Class,Grocery & Essentials,Personal Care,844.26,5,0.3,4221.3,2954.91,-747.73
IND-2025-2015,2024-01-15,Customer_936,Small Business,Ahmedabad,Gujarat,West,Same Day,Electronics,Laptops,38094.26,3,0.0,114282.78,114282.78,18944.31
IND-2025-2016,2025-04-07,Customer_290,Corporate,Delhi,Delhi NCR,North,First Class,Grocery & Essentials,Beverages,216.66,4,0.0,866.64,866.64,89.8
IND-2025-2017,2025-05-14,Customer_656,Consumer,Bhopal,Madhya Pradesh,Central,Standard Class,Grocery & Essentials,Beverages,130.18,3,0.4,390.54,234.32,-83.19
IND-2025-2018,2024-08-20,Customer_184,Small Business,Bengaluru,Karnataka,South,Second Class,Electronics,Smartphones,32018.59,3,0.05,96055.77,91252.98,11850.53
IND-2025-2019,2025-02-11,Customer_255,Small Business,Indore,Madhya Pradesh,Central,Standard Class,Fashion & Apparel,Women's Clothing,3488.04,2,0.4,6976.08,4185.65,-502.23
IND-2025-2020,2025-06-29,Customer_869,Small Business,Lucknow,Uttar Pradesh,North,Second Class,Fashion & Apparel,Women's Clothing,1998.31,1,0.3,1998.31,1398.82,-20.78
IND-2025-2021,2025-07-07,Customer_429,Consumer,Hyderabad,Telangana,South,First Class,Grocery & Essentials,Packaged Food,350.58,4,0.1,1402.32,1262.09,-8.38
IND-2025-2022,2024-01-01,Customer_592,Consumer,Pune,Maharashtra,West,Second Class,Home & Kitchen,Home Decor,1021.89,6,0.2,6131.34,4905.07,40.08
IND-2025-2023,2025-02-04,Customer_511,Consumer,Bhopal,Madhya Pradesh,Central,Second Class,Fashion & Apparel,Ethnic Wear,3467.8,2,0.05,6935.6,6588.82,1321.58
IND-2025-2024,2024-07-29,Customer_582,Consumer,Bengaluru,Karnataka,South,Same Day,Fashion & Apparel,Footwear,4042.34,1,0.3,4042.34,2829.64,-179.19
IND-2025-2025,2024-11-01,Customer_361,Consumer,Indore,Madhya Pradesh,Central,Same Day,Electronics,Smartwatches,3229.41,6,0.1,19376.46,17438.81,1221.05
IND-2025-2026,2025-03-12,Customer_471,Consumer,Hyderabad,Telangana,South,Same Day,Fashion & Apparel,Ethnic Wear,5599.07,2,0.2,11198.14,8958.51,1430.14
IND-2025-2027,2025-12-19,Customer_529,Small Business,Jaipur,Rajasthan,North,First Class,Grocery & Essentials,Packaged Food,674.25,3,0.4,2022.75,1213.65,-442.32
IND-2025-2028,2024-12-31,Customer_899,Small Business,Pune,Maharashtra,West,Same Day,Electronics,Smartphones,38523.82,4,0.05,154095.28,146390.52,15643.69
IND-2025-2029,2025-07-28,Customer_200,Small Business,Hyderabad,Telangana,South,Standard Class,Grocery & Essentials,Beverages,349.86,6,0.15,2099.16,1784.29,-98.16
IND-2025-2030,2024-04-30,Customer_907,Corporate,Bhopal,Madhya Pradesh,Central,Same Day,Fashion & Apparel,Footwear,3320.49,6,0.2,19922.94,15938.35,1100.73
IND-2025-2031,2025-08-10,Customer_124,Small Business,Indore,Madhya Pradesh,Central,First Class,Electronics,Smartwatches,8505.29,6,0.3,51031.74,35722.22,-6351.04
IND-2025-2032,2024-04-11,Customer_556,Consumer,Noida,Uttar Pradesh,North,First Class,Grocery & Essentials,Packaged Food,756.15,3,0.1,2268.45,2041.6,-46.12
IND-2025-2033,2025-04-14,Customer_964,Corporate,Patna,Bihar,East,Standard Class,Home & Kitchen,Furniture,8140.72,5,0.3,40703.6,28492.52,-4692.43
IND-2025-2034,2024-12-07,Customer_874,Corporate,Lucknow,Uttar Pradesh,North,Second Class,Fashion & Apparel,Footwear,4314.73,1,0.3,4314.73,3020.31,-148.27
IND-2025-2035,2024-09-28,Customer_695,Corporate,Indore,Madhya Pradesh,Central,First Class,Grocery & Essentials,Personal Care,503.85,4,0.1,2015.4,1813.86,-58.4
IND-2025-2036,2025-07-27,Customer_972,Corporate,Chennai,Tamil Nadu,South,Second Class,Fashion & Apparel,Ethnic Wear,4787.13,1,0.05,4787.13,4547.77,1349.55
IND-2025-2037,2024-12-14,Customer_728,Small Business,Chennai,Tamil Nadu,South,Standard Class,Home & Kitchen,Appliances,4995.48,4,0.0,19981.92,19981.92,5274.04
IND-2025-2038,2024-11-27,Customer_324,Consumer,Delhi,Delhi NCR,North,Second Class,Grocery & Essentials,Packaged Food,321.31,2,0.3,642.62,449.83,-104.07
IND-2025-2039,2025-03-26,Customer_681,Consumer,Kolkata,West Bengal,East,Same Day,Fashion & Apparel,Women's Clothing,839.74,2,0.0,1679.48,1679.48,541.62
IND-2025-2040,2024-07-09,Customer_541,Corporate,Indore,Madhya Pradesh,Central,First Class,Grocery & Essentials,Beverages,379.24,4,0.3,1516.96,1061.87,-237.73
IND-2025-2041,2024-08-28,Customer_231,Consumer,Lucknow,Uttar Pradesh,North,Same Day,Home & Kitchen,Cookware,3874.27,2,0.1,7748.54,6973.69,433.04
IND-2025-2042,2025-07-02,Customer_688,Consumer,Lucknow,Uttar Pradesh,North,Same Day,Electronics,Laptops,66005.31,6,0.3,396031.86,277222.3,-52229.44
IND-2025-2043,2025-09-25,Customer_988,Small Business,Bengaluru,Karnataka,South,Second Class,Grocery & Essentials,Beverages,306.82,2,0.0,613.64,613.64,64.02
IND-2025-2044,2024-03-06,Customer_541,Small Business,Kolkata,West Bengal,East,Second Class,Home & Kitchen,Cookware,3864.2,3,0.2,11592.6,9274.08,-801.42
IND-2025-2045,2025-02-09,Customer_247,Small Business,Delhi,Delhi NCR,North,First Class,Grocery & Essentials,Personal Care,715.32,6,0.1,4291.92,3862.73,101.35
IND-2025-2046,2024-01-07,Customer_715,Consumer,Hyderabad,Telangana,South,Second Class,Electronics,Headphones,2679.83,1,0.2,2679.83,2143.86,-246.35
IND-2025-2047,2024-01-31,Customer_517,Corporate,Kolkata,West Bengal,East,Same Day,Grocery & Essentials,Beverages,142.14,1,0.0,142.14,142.14,15.23
IND-2025-2048,2024-05-21,Customer_511,Consumer,Indore,Madhya Pradesh,Central,Second Class,Home & Kitchen,Furniture,6437.95,3,0.05,19313.85,18348.16,2843.21
IND-2025-2049,2024-12-25,Customer_799,Corporate,Kolkata,West Bengal,East,Standard Class,Electronics,Headphones,2245.53,1,0.2,2245.53,1796.42,-178.53
IND-2025-2050,2024-06-21,Customer_276,Consumer,Mumbai,Maharashtra,West,Same Day,Electronics,Smartphones,23074.39,3,0.0,69223.17,69223.17,12737.27
IND-2025-2051,2024-07-05,Customer_890,Consumer,Chennai,Tamil Nadu,South,Second Class,Fashion & Apparel,Footwear,1387.86,6,0.05,8327.16,7910.8,2184.15
IND-2025-2052,2025-03-31,Customer_202,Corporate,Mumbai,Maharashtra,West,Second Class,Electronics,Smartphones,42288.19,3,0.1,126864.57,114178.11,984.44
IND-2025-2053,2025-09-09,Customer_446,Consumer,Ahmedabad,Gujarat,West,First Class,Home & Kitchen,Appliances,16929.1,5,0.4,84645.5,50787.3,-15991.42
IND-2025-2054,2024-05-24,Customer_775,Small Business,Delhi,Delhi NCR,North,Standard Class,Grocery & Essentials,Packaged Food,814.65,1,0.1,814.65,733.18,13.97
IND-2025-2055,2025-06-16,Customer_741,Corporate,Pune,Maharashtra,West,Same Day,Home & Kitchen,Appliances,14353.85,6,0.05,86123.1,81816.95,15484.51
IND-2025-2056,2025-03-21,Customer_889,Corporate,Jaipur,Rajasthan,North,Standard Class,Electronics,Smartwatches,2190.67,1,0.1,2190.67,1971.6,88.53
IND-2025-2057,2025-06-24,Customer_149,Small Business,Indore,Madhya Pradesh,Central,Standard Class,Electronics,Laptops,77338.99,3,0.2,232016.97,185613.58,-11168.72
IND-2025-2058,2024-02-18,Customer_969,Consumer,Noida,Uttar Pradesh,North,First Class,Grocery & Essentials,Packaged Food,416.59,5,0.0,2082.95,2082.95,240.76
IND-2025-2059,2025-11-28,Customer_755,Small Business,Patna,Bihar,East,Standard Class,Electronics,Laptops,34932.54,2,0.05,69865.08,66371.83,7765.03
IND-2025-2060,2024-02-16,Customer_499,Consumer,Jaipur,Rajasthan,North,First Class,Fashion & Apparel,Men's Clothing,2818.35,1,0.05,2818.35,2677.43,876.29
IND-2025-2061,2025-02-15,Customer_741,Corporate,Mumbai,Maharashtra,West,Second Class,Fashion & Apparel,Women's Clothing,2716.01,5,0.3,13580.05,9506.03,269.27
IND-2025-2062,2025-10-31,Customer_599,Corporate,Patna,Bihar,East,Standard Class,Home & Kitchen,Appliances,13354.22,4,0.4,53416.88,32050.13,-6822.2
IND-2025-2063,2025-10-03,Customer_910,Corporate,Patna,Bihar,East,Standard Class,Grocery & Essentials,Packaged Food,726.4,4,0.05,2905.6,2760.32,77.48
IND-2025-2064,2024-07-06,Customer_976,Small Business,Chennai,Tamil Nadu,South,First Class,Home & Kitchen,Furniture,19152.55,3,0.3,57457.65,40220.35,-6957.12
IND-2025-2065,2024-04-21,Customer_580,Corporate,Bhopal,Madhya Pradesh,Central,Standard Class,Electronics,Smartwatches,8583.02,2,0.0,17166.04,17166.04,2821.75
IND-2025-2066,2024-04-24,Customer_552,Small Business,Delhi,Delhi NCR,North,Standard Class,Electronics,Smartwatches,3475.83,6,0.4,20854.98,12512.99,-4437.21
IND-2025-2067,2025-11-09,Customer_279,Corporate,Chennai,Tamil Nadu,South,Same Day,Fashion & Apparel,Women's Clothing,3119.71,1,0.2,3119.71,2495.77,82.13
IND-2025-2068,2024-07-24,Customer_549,Consumer,Kolkata,West Bengal,East,Same Day,Electronics,Smartwatches,5040.27,3,0.2,15120.81,12096.65,-1390.0
IND-2025-2069,2024-03-12,Customer_647,Consumer,Indore,Madhya Pradesh,Central,Second Class,Fashion & Apparel,Footwear,3227.41,2,0.2,6454.82,5163.86,95.57
IND-2025-2070,2024-11-25,Customer_680,Consumer,Lucknow,Uttar Pradesh,North,Second Class,Electronics,Laptops,75075.98,6,0.05,450455.88,427933.09,25878.02
IND-2025-2071,2025-10-05,Customer_866,Consumer,Mumbai,Maharashtra,West,Same Day,Electronics,Smartphones,35954.51,4,0.2,143818.04,115054.43,-7871.65
IND-2025-2072,2025-09-19,Customer_278,Corporate,Noida,Uttar Pradesh,North,First Class,Home & Kitchen,Appliances,10186.94,2,0.15,20373.88,17317.8,-194.43
IND-2025-2073,2024-06-13,Customer_511,Consumer,Lucknow,Uttar Pradesh,North,First Class,Electronics,Smartwatches,8443.6,2,0.0,16887.2,16887.2,2647.82
IND-2025-2074,2024-08-01,Customer_236,Small Business,Jaipur,Rajasthan,North,Second Class,Grocery & Essentials,Personal Care,633.61,4,0.15,2534.44,2154.27,-115.09
IND-2025-2075,2024-09-08,Customer_911,Corporate,Delhi,Delhi NCR,North,First Class,Fashion & Apparel,Women's Clothing,3833.62,6,0.3,23001.72,16101.2,-893.42
IND-2025-2076,2025-10-21,Customer_738,Corporate,Noida,Uttar Pradesh,North,Standard Class,Fashion & Apparel,Ethnic Wear,2019.72,1,0.2,2019.72,1615.78,88.95
IND-2025-2077,2024-07-23,Customer_783,Consumer,Delhi,Delhi NCR,North,First Class,Home & Kitchen,Furniture,14894.77,5,0.15,74473.85,63302.77,3811.84
IND-2025-2078,2025-11-27,Customer_598,Corporate,Hyderabad,Telangana,South,Standard Class,Fashion & Apparel,Ethnic Wear,4535.4,2,0.05,9070.8,8617.26,2242.96
IND-2025-2079,2025-11-23,Customer_254,Consumer,Pune,Maharashtra,West,First Class,Electronics,Smartphones,10858.64,1,0.1,10858.64,9772.78,666.58
IND-2025-2080,2024-03-08,Customer_255,Consumer,Lucknow,Uttar Pradesh,North,Same Day,Home & Kitchen,Appliances,10126.31,6,0.05,60757.86,57719.97,9410.97
IND-2025-2081,2024-05-01,Customer_216,Small Business,Chennai,Tamil Nadu,South,Second Class,Grocery & Essentials,Packaged Food,605.5,6,0.15,3633.0,3088.05,-254.9
IND-2025-2082,2025-03-31,Customer_471,Corporate,Pune,Maharashtra,West,Second Class,Electronics,Laptops,74011.59,4,0.15,296046.36,251639.41,-5498.22
IND-2025-2083,2025-04-03,Customer_503,Consumer,Mumbai,Maharashtra,West,Standard Class,Grocery & Essentials,Beverages,374.73,3,0.0,1124.19,1124.19,113.55
IND-2025-2084,2025-11-15,Customer_527,Consumer,Delhi,Delhi NCR,North,First Class,Home & Kitchen,Home Decor,2278.52,1,0.1,2278.52,2050.67,65.77
IND-2025-2085,2024-09-15,Customer_445,Consumer,Delhi,Delhi NCR,North,First Class,Home & Kitchen,Cookware,2468.83,2,0.0,4937.66,4937.66,909.54
IND-2025-2086,2025-11-03,Customer_489,Consumer,Bengaluru,Karnataka,South,Same Day,Electronics,Headphones,2564.08,2,0.4,5128.16,3076.9,-866.89
IND-2025-2087,2025-01-24,Customer_450,Consumer,Jaipur,Rajasthan,North,First Class,Electronics,Headphones,3029.94,3,0.1,9089.82,8180.84,525.63
IND-2025-2088,2024-09-24,Customer_621,Consumer,Chennai,Tamil Nadu,South,Standard Class,Fashion & Apparel,Ethnic Wear,2833.52,1,0.15,2833.52,2408.49,199.23
IND-2025-2089,2024-05-11,Customer_109,Small Business,Bhopal,Madhya Pradesh,Central,Standard Class,Electronics,Laptops,33720.73,3,0.0,101162.19,101162.19,13385.83
IND-2025-2090,2024-12-15,Customer_821,Consumer,Indore,Madhya Pradesh,Central,Second Class,Electronics,Laptops,59137.75,4,0.3,236551.0,165585.7,-28170.74
IND-2025-2091,2024-03-24,Customer_297,Corporate,Ahmedabad,Gujarat,West,Second Class,Electronics,Smartphones,10153.65,6,0.05,60921.9,57875.81,4445.88
IND-2025-2092,2025-12-26,Customer_280,Consumer,Bengaluru,Karnataka,South,First Class,Fashion & Apparel,Ethnic Wear,2870.77,6,0.2,17224.62,13779.7,264.43
IND-2025-2093,2024-05-27,Customer_750,Small Business,Chennai,Tamil Nadu,South,First Class,Fashion & Apparel,Men's Clothing,2286.88,1,0.05,2286.88,2172.54,517.52
IND-2025-2094,2025-09-07,Customer_388,Consumer,Jaipur,Rajasthan,North,Standard Class,Home & Kitchen,Furniture,11397.85,3,0.3,34193.55,23935.49,-2255.39
IND-2025-2095,2024-03-04,Customer_556,Consumer,Pune,Maharashtra,West,Standard Class,Grocery & Essentials,Personal Care,1097.83,1,0.2,1097.83,878.26,-85.27
IND-2025-2096,2024-11-22,Customer_407,Corporate,Hyderabad,Telangana,South,First Class,Home & Kitchen,Cookware,2707.6,6,0.4,16245.6,9747.36,-2189.01
IND-2025-2097,2025-07-13,Customer_966,Corporate,Patna,Bihar,East,Same Day,Fashion & Apparel,Women's Clothing,2679.13,1,0.3,2679.13,1875.39,-75.5
IND-2025-2098,2025-04-20,Customer_991,Small Business,Bengaluru,Karnataka,South,Second Class,Fashion & Apparel,Women's Clothing,3161.15,4,0.15,12644.6,10747.91,2160.38
IND-2025-2099,2025-02-13,Customer_583,Consumer,Lucknow,Uttar Pradesh,North,First Class,Electronics,Smartwatches,8331.0,6,0.05,49986.0,47486.7,3422.99
IND-2025-2100,2024-12-11,Customer_841,Corporate,Delhi,Delhi NCR,North,Same Day,Electronics,Smartwatches,5137.86,3,0.4,15413.58,9248.15,-2622.63
IND-2025-2101,2025-03-21,Customer_396,Consumer,Indore,Madhya Pradesh,Central,Second Class,Fashion & Apparel,Ethnic Wear,6820.78,1,0.1,6820.78,6138.7,859.64
IND-2025-2102,2025-06-15,Customer_224,Small Business,Bengaluru,Karnataka,South,Second Class,Fashion & Apparel,Ethnic Wear,4044.94,3,0.3,12134.82,8494.37,-131.08
IND-2025-2103,2025-06-26,Customer_352,Consumer,Noida,Uttar Pradesh,North,First Class,Home & Kitchen,Home Decor,2517.81,2,0.1,5035.62,4532.06,146.4
IND-2025-2104,2025-12-05,Customer_429,Small Business,Delhi,Delhi NCR,North,Second Class,Home & Kitchen,Appliances,14802.09,5,0.1,74010.45,66609.4,3681.44
IND-2025-2105,2025-12-26,Customer_429,Consumer,Hyderabad,Telangana,South,Same Day,Fashion & Apparel,Women's Clothing,2363.48,4,0.0,9453.92,9453.92,3612.43
IND-2025-2106,2025-04-18,Customer_585,Consumer,Hyderabad,Telangana,South,Second Class,Home & Kitchen,Cookware,2348.45,2,0.4,4696.9,2818.14,-796.71
IND-2025-2107,2025-10-10,Customer_719,Small Business,Mumbai,Maharashtra,West,Second Class,Home & Kitchen,Home Decor,2562.09,4,0.2,10248.36,8198.69,-396.78
IND-2025-2108,2025-10-23,Customer_817,Consumer,Delhi,Delhi NCR,North,First Class,Electronics,Headphones,3146.94,6,0.05,18881.64,17937.56,1827.48
IND-2025-2109,2024-09-24,Customer_251,Corporate,Delhi,Delhi NCR,North,Same Day,Fashion & Apparel,Footwear,1101.13,6,0.3,6606.78,4624.75,-454.12
IND-2025-2110,2025-07-22,Customer_231,Corporate,Ahmedabad,Gujarat,West,Standard Class,Grocery & Essentials,Personal Care,263.13,3,0.15,789.39,670.98,-59.45
IND-2025-2111,2024-05-06,Customer_505,Consumer,Mumbai,Maharashtra,West,First Class,Home & Kitchen,Appliances,8532.33,3,0.4,25596.99,15358.19,-3812.58
IND-2025-2112,2025-09-19,Customer_165,Consumer,Indore,Madhya Pradesh,Central,Second Class,Electronics,Headphones,1836.85,5,0.0,9184.25,9184.25,1751.08
IND-2025-2113,2024-06-04,Customer_658,Consumer,Pune,Maharashtra,West,Same Day,Fashion & Apparel,Women's Clothing,1093.95,3,0.1,3281.85,2953.66,566.8
IND-2025-2114,2025-10-19,Customer_332,Consumer,Bhopal,Madhya Pradesh,Central,Standard Class,Grocery & Essentials,Beverages,160.59,1,0.4,160.59,96.35,-32.68
IND-2025-2115,2025-10-22,Customer_991,Consumer,Kolkata,West Bengal,East,First Class,Electronics,Smartphones,35716.1,6,0.05,214296.6,203581.77,20011.16
IND-2025-2116,2024-11-26,Customer_304,Small Business,Jaipur,Rajasthan,North,Standard Class,Grocery & Essentials,Packaged Food,559.22,3,0.15,1677.66,1426.01,-135.82
IND-2025-2117,2024-08-01,Customer_255,Small Business,Delhi,Delhi NCR,North,Standard Class,Grocery & Essentials,Packaged Food,414.44,1,0.2,414.44,331.55,-43.83
IND-2025-2118,2025-10-04,Customer_434,Corporate,Patna,Bihar,East,Same Day,Home & Kitchen,Home Decor,1890.66,5,0.15,9453.3,8035.3,393.65
IND-2025-2119,2024-05-02,Customer_496,Consumer,Kolkata,West Bengal,East,Second Class,Home & Kitchen,Appliances,3432.26,5,0.3,17161.3,12012.91,-2203.21
IND-2025-2120,2024-07-23,Customer_963,Corporate,Bhopal,Madhya Pradesh,Central,Second Class,Home & Kitchen,Furniture,18299.78,3,0.1,54899.34,49409.41,2958.4
IND-2025-2121,2025-06-07,Customer_568,Corporate,Mumbai,Maharashtra,West,Second Class,Home & Kitchen,Cookware,1649.27,2,0.4,3298.54,1979.12,-467.88
IND-2025-2122,2025-05-18,Customer_100,Corporate,Bengaluru,Karnataka,South,Same Day,Home & Kitchen,Furniture,6165.11,1,0.0,6165.11,6165.11,1611.75
IND-2025-2123,2025-01-25,Customer_527,Small Business,Patna,Bihar,East,Standard Class,Fashion & Apparel,Men's Clothing,728.49,2,0.3,1456.98,1019.89,-47.45
IND-2025-2124,2024-10-31,Customer_751,Small Business,Bhopal,Madhya Pradesh,Central,Standard Class,Electronics,Smartphones,22082.0,3,0.15,66246.0,56309.1,811.42
IND-2025-2125,2025-05-02,Customer_819,Small Business,Ahmedabad,Gujarat,West,Same Day,Electronics,Smartphones,13443.81,2,0.15,26887.62,22854.48,219.02
IND-2025-2126,2024-03-05,Customer_113,Small Business,Patna,Bihar,East,Standard Class,Fashion & Apparel,Women's Clothing,1008.5,6,0.15,6051.0,5143.35,743.8
IND-2025-2127,2025-11-03,Customer_806,Corporate,Pune,Maharashtra,West,Standard Class,Home & Kitchen,Home Decor,2297.18,2,0.4,4594.36,2756.62,-564.52
IND-2025-2128,2025-10-27,Customer_712,Corporate,Mumbai,Maharashtra,West,Same Day,Grocery & Essentials,Beverages,575.12,4,0.4,2300.48,1380.29,-516.94
IND-2025-2129,2025-04-28,Customer_278,Small Business,Chennai,Tamil Nadu,South,Same Day,Fashion & Apparel,Footwear,3634.41,3,0.3,10903.23,7632.26,-672.75
IND-2025-2130,2025-01-16,Customer_188,Small Business,Bengaluru,Karnataka,South,First Class,Home & Kitchen,Home Decor,869.08,6,0.4,5214.48,3128.69,-866.59
IND-2025-2131,2024-05-20,Customer_740,Consumer,Lucknow,Uttar Pradesh,North,First Class,Home & Kitchen,Appliances,9761.53,5,0.4,48807.65,29284.59,-8356.39
IND-2025-2132,2025-07-07,Customer_613,Small Business,Kolkata,West Bengal,East,Standard Class,Fashion & Apparel,Women's Clothing,3927.14,2,0.4,7854.28,4712.57,-1026.11
IND-2025-2133,2025-06-16,Customer_433,Small Business,Pune,Maharashtra,West,First Class,Electronics,Headphones,3790.42,6,0.05,22742.52,21605.39,2574.86
IND-2025-2134,2025-07-15,Customer_259,Small Business,Jaipur,Rajasthan,North,Second Class,Grocery & Essentials,Packaged Food,619.32,6,0.15,3715.92,3158.53,-173.49
IND-2025-2135,2024-01-01,Customer_654,Small Business,Bhopal,Madhya Pradesh,Central,Standard Class,Electronics,Smartwatches,3154.84,1,0.3,3154.84,2208.39,-362.16
IND-2025-2136,2024-07-14,Customer_221,Corporate,Mumbai,Maharashtra,West,First Class,Electronics,Smartphones,21831.36,2,0.05,43662.72,41479.58,5235.24
IND-2025-2137,2025-11-08,Customer_707,Consumer,Jaipur,Rajasthan,North,Same Day,Electronics,Headphones,1898.14,3,0.05,5694.42,5409.7,456.05
IND-2025-2138,2024-02-02,Customer_805,Small Business,Bengaluru,Karnataka,South,First Class,Home & Kitchen,Home Decor,577.6,6,0.15,3465.6,2945.76,118.04
IND-2025-2139,2025-12-02,Customer_841,Small Business,Bengaluru,Karnataka,South,Standard Class,Electronics,Smartwatches,2309.37,4,0.4,9237.48,5542.49,-1593.63
IND-2025-2140,2025-04-10,Customer_728,Corporate,Jaipur,Rajasthan,North,Standard Class,Home & Kitchen,Furniture,14054.13,4,0.0,56216.52,56216.52,13577.71
IND-2025-2141,2024-01-11,Customer_648,Small Business,Kolkata,West Bengal,East,Standard Class,Fashion & Apparel,Men's Clothing,2845.29,4,0.0,11381.16,11381.16,3636.02
IND-2025-2142,2024-09-16,Customer_803,Consumer,Hyderabad,Telangana,South,Standard Class,Electronics,Smartwatches,3391.35,4,0.1,13565.4,12208.86,833.67
IND-2025-2143,2024-07-22,Customer_328,Corporate,Bengaluru,Karnataka,South,Same Day,Grocery & Essentials,Packaged Food,105.12,6,0.4,630.72,378.43,-143.36
IND-2025-2144,2024-08-22,Customer_124,Corporate,Patna,Bihar,East,Same Day,Grocery & Essentials,Beverages,572.98,1,0.0,572.98,572.98,70.11
IND-2025-2145,2025-01-10,Customer_670,Small Business,Bhopal,Madhya Pradesh,Central,Same Day,Grocery & Essentials,Packaged Food,737.57,6,0.1,4425.42,3982.88,-81.56
IND-2025-2146,2024-03-09,Customer_240,Consumer,Pune,Maharashtra,West,Standard Class,Electronics,Headphones,3608.9,6,0.1,21653.4,19488.06,739.96
IND-2025-2147,2024-06-14,Customer_696,Corporate,Pune,Maharashtra,West,Standard Class,Fashion & Apparel,Women's Clothing,2227.53,5,0.1,11137.65,10023.89,2021.64
IND-2025-2148,2025-07-27,Customer_215,Small Business,Mumbai,Maharashtra,West,First Class,Fashion & Apparel,Women's Clothing,1271.64,2,0.3,2543.28,1780.3,-192.84
IND-2025-2149,2025-08-22,Customer_586,Corporate,Chennai,Tamil Nadu,South,Same Day,Electronics,Headphones,3617.23,2,0.1,7234.46,6511.01,479.59
IND-2025-2150,2024-08-07,Customer_248,Consumer,Pune,Maharashtra,West,Same Day,Fashion & Apparel,Ethnic Wear,4407.59,6,0.2,26445.54,21156.43,436.62
IND-2025-2151,2025-06-09,Customer_870,Corporate,Pune,Maharashtra,West,Standard Class,Fashion & Apparel,Women's Clothing,2806.21,4,0.4,11224.84,6734.9,-601.82
IND-2025-2152,2024-11-24,Customer_230,Corporate,Bhopal,Madhya Pradesh,Central,Same Day,Grocery & Essentials,Packaged Food,273.35,6,0.1,1640.1,1476.09,18.31
IND-2025-2153,2025-10-23,Customer_186,Small Business,Indore,Madhya Pradesh,Central,Second Class,Fashion & Apparel,Women's Clothing,2716.73,3,0.15,8150.19,6927.66,934.62
IND-2025-2154,2025-10-18,Customer_434,Corporate,Mumbai,Maharashtra,West,Same Day,Home & Kitchen,Home Decor,1483.17,4,0.3,5932.68,4152.88,-708.25
IND-2025-2155,2025-06-07,Customer_193,Small Business,Bengaluru,Karnataka,South,Same Day,Grocery & Essentials,Beverages,386.57,5,0.3,1932.85,1352.99,-334.39
IND-2025-2156,2024-12-16,Customer_345,Small Business,Chennai,Tamil Nadu,South,Second Class,Electronics,Headphones,2813.19,3,0.4,8439.57,5063.74,-1705.89
IND-2025-2157,2024-12-22,Customer_905,Consumer,Noida,Uttar Pradesh,North,First Class,Fashion & Apparel,Footwear,3070.69,4,0.1,12282.76,11054.48,2139.9
IND-2025-2158,2024-07-13,Customer_352,Consumer,Kolkata,West Bengal,East,First Class,Home & Kitchen,Home Decor,1011.16,4,0.2,4044.64,3235.71,12.8
IND-2025-2159,2024-07-06,Customer_720,Consumer,Kolkata,West Bengal,East,First Class,Grocery & Essentials,Personal Care,407.92,4,0.3,1631.68,1142.18,-308.11
IND-2025-2160,2024-05-07,Customer_681,Corporate,Jaipur,Rajasthan,North,Second Class,Grocery & Essentials,Packaged Food,159.89,3,0.15,479.67,407.72,-32.86
IND-2025-2161,2024-09-29,Customer_470,Consumer,Mumbai,Maharashtra,West,Standard Class,Grocery & Essentials,Beverages,590.48,5,0.0,2952.4,2952.4,273.62
IND-2025-2162,2024-03-12,Customer_110,Consumer,Noida,Uttar Pradesh,North,First Class,Electronics,Headphones,1207.75,1,0.3,1207.75,845.42,-156.46
IND-2025-2163,2025-10-01,Customer_960,Consumer,Patna,Bihar,East,Second Class,Home & Kitchen,Home Decor,1574.51,2,0.05,3149.02,2991.57,372.98
IND-2025-2164,2024-01-24,Customer_728,Corporate,Chennai,Tamil Nadu,South,Same Day,Home & Kitchen,Furniture,7577.64,4,0.05,30310.56,28795.03,3191.97
IND-2025-2165,2024-05-07,Customer_344,Small Business,Pune,Maharashtra,West,First Class,Fashion & Apparel,Ethnic Wear,2481.65,4,0.2,9926.6,7941.28,286.14
IND-2025-2166,2025-03-21,Customer_493,Small Business,Hyderabad,Telangana,South,Same Day,Grocery & Essentials,Personal Care,374.06,1,0.4,374.06,224.44,-78.16
IND-2025-2167,2024-01-24,Customer_730,Corporate,Chennai,Tamil Nadu,South,Same Day,Home & Kitchen,Furniture,18227.09,4,0.15,72908.36,61972.11,735.63
IND-2025-2168,2025-09-13,Customer_421,Corporate,Delhi,Delhi NCR,North,Same Day,Home & Kitchen,Furniture,15551.85,5,0.4,77759.25,46655.55,-10616.51
IND-2025-2169,2024-10-07,Customer_830,Consumer,Delhi,Delhi NCR,North,Same Day,Home & Kitchen,Furniture,10691.66,4,0.0,42766.64,42766.64,10003.63
IND-2025-2170,2025-08-08,Customer_375,Corporate,Lucknow,Uttar Pradesh,North,First Class,Home & Kitchen,Appliances,3307.41,4,0.3,13229.64,9260.75,-1418.22
IND-2025-2171,2025-05-05,Customer_473,Consumer,Ahmedabad,Gujarat,West,Second Class,Fashion & Apparel,Women's Clothing,3531.67,6,0.2,21190.02,16952.02,2229.55
IND-2025-2172,2024-04-02,Customer_245,Corporate,Patna,Bihar,East,First Class,Fashion & Apparel,Men's Clothing,2077.08,5,0.0,10385.4,10385.4,3414.6
IND-2025-2173,2024-07-09,Customer_992,Small Business,Delhi,Delhi NCR,North,Second Class,Grocery & Essentials,Personal Care,324.96,1,0.05,324.96,308.71,23.1
IND-2025-2174,2024-10-22,Customer_203,Corporate,Chennai,Tamil Nadu,South,Second Class,Grocery & Essentials,Personal Care,1089.67,2,0.0,2179.34,2179.34,184.63
IND-2025-2175,2025-06-30,Customer_975,Consumer,Pune,Maharashtra,West,First Class,Grocery & Essentials,Beverages,475.65,6,0.05,2853.9,2711.2,55.88
IND-2025-2176,2025-06-09,Customer_476,Small Business,Indore,Madhya Pradesh,Central,First Class,Electronics,Smartphones,25752.23,2,0.0,51504.46,51504.46,8113.26
IND-2025-2177,2025-04-18,Customer_239,Consumer,Delhi,Delhi NCR,North,First Class,Grocery & Essentials,Packaged Food,739.19,6,0.05,4435.14,4213.38,374.15
IND-2025-2178,2025-04-16,Customer_632,Corporate,Chennai,Tamil Nadu,South,Same Day,Grocery & Essentials,Beverages,472.21,5,0.2,2361.05,1888.84,-216.62
IND-2025-2179,2024-09-14,Customer_405,Consumer,Chennai,Tamil Nadu,South,Same Day,Grocery & Essentials,Packaged Food,552.84,4,0.05,2211.36,2100.79,96.06
IND-2025-2180,2025-01-26,Customer_560,Small Business,Jaipur,Rajasthan,North,Second Class,Home & Kitchen,Home Decor,559.69,4,0.05,2238.76,2126.82,405.71
IND-2025-2181,2025-10-26,Customer_480,Consumer,Bhopal,Madhya Pradesh,Central,Same Day,Home & Kitchen,Appliances,6667.38,1,0.05,6667.38,6334.01,898.8
IND-2025-2182,2024-05-13,Customer_769,Corporate,Jaipur,Rajasthan,North,Standard Class,Electronics,Laptops,77386.27,6,0.0,464317.62,464317.62,66691.54
IND-2025-2183,2025-09-04,Customer_203,Consumer,Noida,Uttar Pradesh,North,First Class,Home & Kitchen,Appliances,3607.87,4,0.0,14431.48,14431.48,3894.45
IND-2025-2184,2024-03-02,Customer_152,Small Business,Mumbai,Maharashtra,West,Standard Class,Fashion & Apparel,Footwear,1096.56,4,0.1,4386.24,3947.62,785.75
IND-2025-2185,2025-03-24,Customer_257,Corporate,Bhopal,Madhya Pradesh,Central,First Class,Grocery & Essentials,Personal Care,951.82,1,0.3,951.82,666.27,-183.42
IND-2025-2186,2025-11-07,Customer_503,Consumer,Patna,Bihar,East,Standard Class,Grocery & Essentials,Beverages,455.72,3,0.05,1367.16,1298.8,60.88
IND-2025-2187,2024-02-15,Customer_361,Consumer,Noida,Uttar Pradesh,North,Standard Class,Electronics,Laptops,39724.67,5,0.05,198623.35,188692.18,17625.19
IND-2025-2188,2024-03-08,Customer_181,Small Business,Ahmedabad,Gujarat,West,Same Day,Electronics,Headphones,3127.16,1,0.05,3127.16,2970.8,289.55
IND-2025-2189,2024-12-16,Customer_780,Corporate,Hyderabad,Telangana,South,Second Class,Home & Kitchen,Appliances,17335.03,3,0.2,52005.09,41604.07,660.23
IND-2025-2190,2025-11-14,Customer_841,Corporate,Kolkata,West Bengal,East,Standard Class,Home & Kitchen,Furniture,8392.98,1,0.15,8392.98,7134.03,257.88
IND-2025-2191,2025-08-28,Customer_256,Consumer,Noida,Uttar Pradesh,North,First Class,Home & Kitchen,Cookware,3472.21,5,0.05,17361.05,16493.0,3534.5
IND-2025-2192,2025-02-26,Customer_893,Corporate,Patna,Bihar,East,Standard Class,Grocery & Essentials,Personal Care,744.9,3,0.0,2234.7,2234.7,282.47
IND-2025-2193,2025-03-22,Customer_603,Corporate,Jaipur,Rajasthan,North,Second Class,Grocery & Essentials,Packaged Food,472.8,1,0.1,472.8,425.52,9.16
IND-2025-2194,2025-02-19,Customer_184,Consumer,Jaipur,Rajasthan,North,Standard Class,Fashion & Apparel,Footwear,1972.94,2,0.1,3945.88,3551.29,635.93
IND-2025-2195,2024-06-02,Customer_398,Corporate,Chennai,Tamil Nadu,South,First Class,Grocery & Essentials,Personal Care,1091.41,6,0.3,6548.46,4583.92,-1273.01
IND-2025-2196,2025-11-13,Customer_100,Consumer,Hyderabad,Telangana,South,Second Class,Electronics,Smartphones,16608.86,3,0.1,49826.58,44843.92,358.65
IND-2025-2197,2025-02-04,Customer_573,Small Business,Indore,Madhya Pradesh,Central,First Class,Grocery & Essentials,Packaged Food,340.6,3,0.2,1021.8,817.44,-122.86
IND-2025-2198,2024-06-10,Customer_929,Corporate,Kolkata,West Bengal,East,First Class,Electronics,Smartwatches,6851.87,6,0.1,41111.22,37000.1,94.82
IND-2025-2199,2025-06-05,Customer_252,Small Business,Noida,Uttar Pradesh,North,Second Class,Home & Kitchen,Appliances,9269.54,2,0.4,18539.08,11123.45,-3198.45
IND-2025-2200,2024-02-07,Customer_693,Consumer,Pune,Maharashtra,West,Same Day,Electronics,Smartphones,15907.2,4,0.05,63628.8,60447.36,4348.95
